source_product_id,url,missing_ingredients,missing_ga,missing_feeding,missing_calorie
101571,https://www.chewy.com/wysong-archetype-chicken-formula/dp/101571,0,0,0,1
101573,https://www.chewy.com/wysong-archetype-rabbit-formula/dp/101573,0,1,0,1
101575,https://www.chewy.com/wysong-archetype-quail-formula-freeze/dp/101575,0,0,0,1
101591,https://www.chewy.com/wysong-uncanny-blend-freeze-dried-raw/dp/101591,0,0,0,1
101610,https://www.chewy.com/royal-canin-veterinary-diet-adult/dp/101610,0,0,0,1
101612,https://www.chewy.com/royal-canin-veterinary-diet-adult/dp/101612,0,0,0,1
101613,https://www.chewy.com/royal-canin-veterinary-diet-adult/dp/101613,0,0,0,1
1018830,https://www.chewy.com/royal-canin-breed-health-nutrition/dp/1018830,0,0,0,1
102094,https://www.chewy.com/hills-science-diet-adult-perfect/dp/102094,0,0,0,1
102101,https://www.chewy.com/hills-science-diet-adult-sensitive/dp/102101,0,0,0,1
1021190,https://www.chewy.com/ziwi-peak-venison-recipe-grain-free/dp/1021190,0,0,0,1
1021214,https://www.chewy.com/ziwi-peak-tripe-lamb-recipe-grain/dp/1021214,0,0,0,1
102131,https://www.chewy.com/hills-science-diet-adult-small-mini/dp/102131,0,0,0,1
102139,https://www.chewy.com/hills-science-diet-adult-oral-care/dp/102139,0,0,0,1
1021558,https://www.chewy.com/natural-balance-limited-ingredient/dp/1021558,0,0,0,1
1021566,https://www.chewy.com/natural-balance-limited-ingredient/dp/1021566,0,0,0,1
1021582,https://www.chewy.com/natural-balance-limited-ingredient/dp/1021582,0,0,0,1
1022558,https://www.chewy.com/freshpet-vital-healthy-natural-large/dp/1022558,0,0,0,1
1025910,https://www.chewy.com/greenies-smart-essentials-puppy-high/dp/1025910,0,0,0,1
1025934,https://www.chewy.com/greenies-smart-essentials-adult-large/dp/1025934,0,0,0,1
1025966,https://www.chewy.com/greenies-smart-essentials-adult-high/dp/1025966,0,0,0,1
102599,https://www.chewy.com/zignature-duck-limited-ingredient/dp/102599,0,0,0,1
1025998,https://www.chewy.com/greenies-smart-essentials-sensitive/dp/1025998,0,0,0,1
102602,https://www.chewy.com/zignature-zssential-multi-protein/dp/102602,0,0,0,1
1026574,https://www.chewy.com/royal-canin-size-health-nutrition/dp/1026574,0,0,1,1
1026710,https://www.chewy.com/new-zealand-natural-pet-food-co-woof/dp/1026710,0,0,0,1
1026798,https://www.chewy.com/new-zealand-natural-pet-food-co-woof/dp/1026798,0,0,0,1
1026838,https://www.chewy.com/new-zealand-natural-pet-food-co-woof/dp/1026838,0,0,0,1
1028438,https://www.chewy.com/firstmate-small-bites-limited/dp/1028438,0,0,0,1
1028454,https://www.chewy.com/firstmate-small-bites-limited/dp/1028454,0,0,0,1
1028470,https://www.chewy.com/firstmate-small-bites-limited/dp/1028470,0,0,0,1
103057,https://www.chewy.com/royal-canin-breed-health-nutrition/dp/103057,0,0,0,1
103215,https://www.chewy.com/wellness-simple-limited-ingredient/dp/103215,0,0,0,1
103219,https://www.chewy.com/wellness-simple-limited-ingredient/dp/103219,0,0,0,1
1032406,https://www.chewy.com/halo-elevate-healthy-grains-chicken/dp/1032406,0,0,0,1
1032430,https://www.chewy.com/halo-elevate-healthy-grains-lamb/dp/1032430,0,0,0,1
1032462,https://www.chewy.com/halo-elevate-grain-free-chicken/dp/1032462,0,0,0,1
1032478,https://www.chewy.com/halo-elevate-healthy-grains-red-meat/dp/1032478,0,0,0,1
1032502,https://www.chewy.com/halo-elevate-grain-free-red-meat/dp/1032502,0,0,0,1
1032526,https://www.chewy.com/halo-elevate-healthy-grains-salmon/dp/1032526,0,0,0,1
1032550,https://www.chewy.com/halo-elevate-grain-free-salmon-recipe/dp/1032550,0,0,0,1
1032702,https://www.chewy.com/halo-elevate-healthy-grains-puppy/dp/1032702,0,0,0,1
103309,https://www.chewy.com/royal-canin-breed-health-nutrition/dp/103309,0,0,0,1
103317,https://www.chewy.com/wysong-nurture-quail-dry-dog-cat-food/dp/103317,0,0,0,1
103318,https://www.chewy.com/royal-canin-breed-health-nutrition/dp/103318,0,0,0,1
103334,https://www.chewy.com/royal-canin-breed-health-nutrition/dp/103334,0,0,0,1
103338,https://www.chewy.com/royal-canin-breed-health-nutrition/dp/103338,0,0,0,1
103357,https://www.chewy.com/royal-canin-breed-health-nutrition/dp/103357,0,0,0,1
1033966,https://www.chewy.com/health-extension-pate-variety-pack/dp/1033966,0,1,0,1
103533,https://www.chewy.com/blue-buffalo-basics-skin-stomach-care/dp/103533,0,0,0,1
103541,https://www.chewy.com/blue-buffalo-basics-skin-stomach-care/dp/103541,0,0,0,1
103550,https://www.chewy.com/blue-buffalo-basics-skin-stomach-care/dp/103550,0,0,0,1
103559,https://www.chewy.com/blue-buffalo-basics-skin-stomach-care/dp/103559,0,0,0,1
103565,https://www.chewy.com/blue-buffalo-basics-skin-stomach-care/dp/103565,0,0,0,1
103594,https://www.chewy.com/blue-buffalo-freedom-adult-healthy/dp/103594,0,0,0,1
103600,https://www.chewy.com/blue-buffalo-freedom-adult-lamb/dp/103600,0,0,0,1
103614,https://www.chewy.com/blue-buffalo-freedom-senior-chicken/dp/103614,0,0,0,1
103624,https://www.chewy.com/blue-buffalo-wilderness-healthy/dp/103624,0,0,0,1
1036374,https://www.chewy.com/go-solutions-skin-coat-care-chicken/dp/1036374,0,0,0,1
1036382,https://www.chewy.com/go-solutions-skin-coat-care-salmon/dp/1036382,0,0,0,1
1036390,https://www.chewy.com/go-solutions-skin-coat-care-lamb/dp/1036390,0,0,0,1
1036398,https://www.chewy.com/go-solutions-skin-coat-care-duck/dp/1036398,0,0,0,1
1036406,https://www.chewy.com/go-solutions-skin-coat-care-turkey/dp/1036406,0,0,1,1
103663,https://www.chewy.com/blue-buffalo-wilderness-wolf-creek/dp/103663,0,0,0,1
1037646,https://www.chewy.com/team-dog-duck-meal-lamb-meal-2620/dp/1037646,0,0,0,1
1037894,https://www.chewy.com/now-fresh-grain-free-small-breed/dp/1037894,0,1,0,1
1040198,https://www.chewy.com/badlands-ranch-superfood-complete/dp/1040198,0,0,0,1
1040222,https://www.chewy.com/badlands-ranch-superfood-complete/dp/1040222,0,0,0,1
1040318,https://www.chewy.com/badlands-ranch-superfood-complete/dp/1040318,0,0,0,1
104133,https://www.chewy.com/natures-recipe-large-breed-grain-free/dp/104133,0,0,0,1
1044454,https://www.chewy.com/blue-buffalo-delectables-turkey/dp/1044454,0,0,0,1
1044462,https://www.chewy.com/blue-buffalo-delectables-lamb-dinner/dp/1044462,0,0,0,1
104531,https://www.chewy.com/holistic-select-adult-health-grain/dp/104531,0,0,0,1
104573,https://www.chewy.com/eagle-pack-chicken-pork-large-breed/dp/104573,0,0,0,1
104580,https://www.chewy.com/eagle-pack-original-chicken-meal-pork/dp/104580,0,0,0,1
104588,https://www.chewy.com/eagle-pack-original-adult-lamb-meal/dp/104588,0,0,0,1
104591,https://www.chewy.com/eagle-pack-reduced-fat-adult-dry-dog/dp/104591,0,0,0,1
104616,https://www.chewy.com/nulo-freestyle-chicken-carrots-peas/dp/104616,0,0,0,1
104618,https://www.chewy.com/nulo-freestyle-turkey-sweet-potato/dp/104618,0,0,0,1
104620,https://www.chewy.com/nulo-freestyle-beef-peas-carrot/dp/104620,0,0,0,1
104622,https://www.chewy.com/nulo-freestyle-lamb-lentils-recipe/dp/104622,0,0,0,1
104624,https://www.chewy.com/nulo-freestyle-turkey-salmon/dp/104624,0,0,0,1
104799,https://www.chewy.com/ziwi-peak-beef-grain-free-air-dried/dp/104799,0,0,0,1
104878,https://www.chewy.com/merrick-chunky-grain-free-wet-dog/dp/104878,0,0,0,1
104880,https://www.chewy.com/merrick-chunky-grain-free-wet-dog/dp/104880,0,0,0,1
104882,https://www.chewy.com/merrick-chunky-grain-free-wet-dog/dp/104882,0,0,0,1
104884,https://www.chewy.com/merrick-chunky-grain-free-wet-dog/dp/104884,0,0,0,1
104936,https://www.chewy.com/halo-holistic-complete-digestive/dp/104936,0,0,0,1
1051774,https://www.chewy.com/purina-one-true-instinct-lean-muscle/dp/1051774,0,0,0,1
1053926,https://www.chewy.com/acana-classics-salmon-barley-recipe/dp/1053926,0,0,0,1
1053942,https://www.chewy.com/acana-classics-beef-barley-recipe-dry/dp/1053942,0,0,0,1
1053966,https://www.chewy.com/acana-classics-chicken-barley-recipe/dp/1053966,0,0,0,1
105401,https://www.chewy.com/royal-canin-veterinary-diet-adult/dp/105401,0,0,0,1
105404,https://www.chewy.com/royal-canin-veterinary-diet-adult/dp/105404,0,0,0,1
105406,https://www.chewy.com/royal-canin-veterinary-diet-adult/dp/105406,0,0,0,1
1055366,https://www.chewy.com/nutro-ultra-puppy-high-protein-trio/dp/1055366,0,0,0,1
1055702,https://www.chewy.com/blue-buffalo-delights-grain-free/dp/1055702,0,0,0,1
1055726,https://www.chewy.com/blue-buffalo-delights-pate-style/dp/1055726,0,0,0,1
105608,https://www.chewy.com/natures-logic-canine-rabbit-feast-all/dp/105608,0,0,0,1
105837,https://www.chewy.com/rachael-ray-nutrish-limited/dp/105837,0,0,0,1
1060214,https://www.chewy.com/go-solutions-booster-grain-free/dp/1060214,0,0,0,1
1060350,https://www.chewy.com/go-solutions-booster-chicken-duck/dp/1060350,0,0,0,1
1060358,https://www.chewy.com/go-solutions-booster-grain-free/dp/1060358,0,0,0,1
1060398,https://www.chewy.com/go-solutions-booster-grain-free/dp/1060398,0,0,0,1
1061358,https://www.chewy.com/nulo-signature-stews-grain-free-beef/dp/1061358,0,0,0,1
1061366,https://www.chewy.com/nulo-signature-stews-grain-free/dp/1061366,0,0,0,1
1061374,https://www.chewy.com/nulo-signature-stews-grain-free/dp/1061374,0,0,0,1
1061382,https://www.chewy.com/nulo-signature-stews-grain-free/dp/1061382,0,0,0,1
1061422,https://www.chewy.com/nulo-signature-stews-grain-free/dp/1061422,0,0,0,1
1061430,https://www.chewy.com/nulo-signature-stews-grain-free/dp/1061430,0,0,0,1
1063150,https://www.chewy.com/daves-pet-food-95-premium-chicken/dp/1063150,0,0,0,1
1063838,https://www.chewy.com/now-fresh-grain-free-adult-red-meat/dp/1063838,0,0,0,1
1063862,https://www.chewy.com/now-fresh-grain-free-large-breed-dry/dp/1063862,0,0,0,1
1063894,https://www.chewy.com/nutro-natural-choice-adult-lamb-brown/dp/1063894,0,0,0,1
1063910,https://www.chewy.com/nutro-natural-choice-adult-large-lamb/dp/1063910,0,0,0,1
1064462,https://www.chewy.com/purina-pro-plan-sensitive-skin/dp/1064462,0,0,0,1
1064718,https://www.chewy.com/royal-canin-veterinary-diet/dp/1064718,0,0,0,1
1064758,https://www.chewy.com/royal-canin-veterinary-diet/dp/1064758,0,0,0,1
1064798,https://www.chewy.com/royal-canin-veterinary-diet-adult/dp/1064798,0,0,0,1
1067918,https://www.chewy.com/petplate-human-grade-grain-free/dp/1067918,0,0,0,1
1067926,https://www.chewy.com/petplate-human-grade-novel-protein/dp/1067926,0,0,0,1
1068030,https://www.chewy.com/daves-pet-food-95-premium-turkey/dp/1068030,0,0,1,1
1070238,https://www.chewy.com/nutro-ultra-large-breed-puppy-trio/dp/1070238,0,0,0,1
1070254,https://www.chewy.com/nutro-ultra-puppy-trio-proteins-high/dp/1070254,0,0,0,1
1070310,https://www.chewy.com/nutro-ultra-adult-large-breed-trio/dp/1070310,0,0,0,1
1070358,https://www.chewy.com/nutro-ultra-adult-weight-management/dp/1070358,0,0,0,1
1070374,https://www.chewy.com/nutro-ultra-adult-small-breed-trio/dp/1070374,0,0,0,1
1070398,https://www.chewy.com/nutro-natural-choice-adult-high/dp/1070398,0,0,0,1
1070406,https://www.chewy.com/nutro-natural-choice-small-bites/dp/1070406,0,0,0,1
1070926,https://www.chewy.com/hills-prescription-diet-dd-potato/dp/1070926,0,1,1,1
1070942,https://www.chewy.com/hills-prescription-diet-zd-low-fat/dp/1070942,0,0,0,1
1070974,https://www.chewy.com/hills-prescription-diet-zd-low-fat/dp/1070974,0,0,1,1
1072654,https://www.chewy.com/dr-garys-best-breed-holistic-field/dp/1072654,0,0,0,1
1072678,https://www.chewy.com/i-love-you-stir-boom-raw-raw-turk/dp/1072678,0,0,0,1
1072734,https://www.chewy.com/i-love-you-stir-boom-raw-raw-chick/dp/1072734,0,0,0,1
107488,https://www.chewy.com/triumph-wild-spirit-deboned-lamb/dp/107488,0,0,0,1
107493,https://www.chewy.com/triumph-wild-spirit-deboned-beef/dp/107493,0,0,0,1
107498,https://www.chewy.com/triumph-wild-spirit-deboned-chicken/dp/107498,0,0,0,1
107502,https://www.chewy.com/triumph-free-spirit-grain-free/dp/107502,0,0,0,1
107507,https://www.chewy.com/triumph-free-spirit-grain-free/dp/107507,0,0,0,1
107685,https://www.chewy.com/evolve-deboned-puppy-grain-free/dp/107685,0,0,0,1
107706,https://www.chewy.com/evolve-classic-deboned-beef-barley/dp/107706,0,0,0,1
107714,https://www.chewy.com/evolve-deboned-grain-free-turkey/dp/107714,0,0,0,1
107789,https://www.chewy.com/dr-tims-salmon-pork-grain-free-rpm/dp/107789,0,0,0,1
107817,https://www.chewy.com/canidae-pure-puppy-grain-free-limited/dp/107817,0,0,0,1
1079246,https://www.chewy.com/blue-buffalo-delectables-tasty/dp/1079246,0,0,0,1
108077,https://www.chewy.com/zignature-trout-salmon-limited/dp/108077,0,0,0,1
108079,https://www.chewy.com/zignature-lamb-limited-ingredient/dp/108079,0,0,0,1
108081,https://www.chewy.com/zignature-turkey-limited-ingredient/dp/108081,0,0,0,1
108083,https://www.chewy.com/zignature-duck-limited-ingredient/dp/108083,0,0,0,1
108085,https://www.chewy.com/zignature-zssential-multi-protein/dp/108085,0,0,0,1
108322,https://www.chewy.com/hills-prescription-diet-cd-multicare/dp/108322,0,0,0,1
1087838,https://www.chewy.com/health-extension-geo-variety-pack/dp/1087838,0,0,0,1
1088006,https://www.chewy.com/purina-pro-plan-veterinary-diets-en/dp/1088006,0,0,0,1
1088022,https://www.chewy.com/purina-pro-plan-veterinary-diets-dh/dp/1088022,0,0,0,1
1088038,https://www.chewy.com/purina-pro-plan-veterinary-diets-jm/dp/1088038,0,0,0,1
1088054,https://www.chewy.com/purina-pro-plan-veterinary-diets-nf/dp/1088054,0,0,0,1
1088070,https://www.chewy.com/purina-pro-plan-veterinary-diets-en/dp/1088070,0,0,0,1
1088078,https://www.chewy.com/purina-pro-plan-veterinary-diets-cc/dp/1088078,0,0,0,1
1088094,https://www.chewy.com/purina-pro-plan-veterinary-diets-en/dp/1088094,0,0,0,1
1088110,https://www.chewy.com/purina-pro-plan-veterinary-diets-om/dp/1088110,0,0,0,1
1088134,https://www.chewy.com/purina-pro-plan-veterinary-diets-om/dp/1088134,0,0,0,1
1088142,https://www.chewy.com/purina-pro-plan-veterinary-diets-en/dp/1088142,0,0,0,1
108952,https://www.chewy.com/royal-canin-breed-health-nutrition/dp/108952,0,0,0,1
108954,https://www.chewy.com/royal-canin-breed-health-nutrition/dp/108954,0,0,0,1
108992,https://www.chewy.com/hills-prescription-diet-id-digestive/dp/108992,0,0,0,1
109303,https://www.chewy.com/honest-kitchen-veggie-nut-seed-grain/dp/109303,0,0,0,1
1093846,https://www.chewy.com/nutro-so-simple-meal-complement-adult/dp/1093846,0,0,0,1
109430,https://www.chewy.com/purina-pro-plan-veterinary-diets-ha/dp/109430,0,0,0,1
109900,https://www.chewy.com/stella-chewys-stellas-super-beef-meal/dp/109900,0,0,0,1
109904,https://www.chewy.com/stella-chewys-chewys-chicken-meal/dp/109904,0,0,0,1
109912,https://www.chewy.com/stella-chewys-savory-salmon-cod-meal/dp/109912,0,0,0,1
109995,https://www.chewy.com/lotus-oven-baked-small-bites-good/dp/109995,0,0,0,1
110053,https://www.chewy.com/lotus-good-grains-chicken-recipe-oven/dp/110053,0,0,0,1
110057,https://www.chewy.com/lotus-wholesome-good-grains-senior/dp/110057,0,0,0,1
110077,https://www.chewy.com/lotus-oven-baked-small-bites-grain/dp/110077,0,0,0,1
110084,https://www.chewy.com/lotus-oven-baked-grain-free-sardine/dp/110084,0,0,0,1
110098,https://www.chewy.com/lotus-wholesome-chicken-asparagus/dp/110098,0,0,0,1
110107,https://www.chewy.com/lotus-wholesome-turkey-stew-grain/dp/110107,0,0,0,1
110119,https://www.chewy.com/lotus-wholesome-beef-asparagus-stew/dp/110119,0,0,0,1
110125,https://www.chewy.com/lotus-just-juicy-beef-shank-stew/dp/110125,0,0,0,1
110134,https://www.chewy.com/lotus-just-juicy-pork-shoulder-stew/dp/110134,0,0,0,1
1103806,https://www.chewy.com/hills-science-diet-adult-salmon/dp/1103806,0,0,0,1
110386,https://www.chewy.com/wysong-optimal-adult-dry-dog-food-5/dp/110386,0,0,0,1
1103870,https://www.chewy.com/hills-science-diet-adult-salmon-brown/dp/1103870,0,0,0,1
110388,https://www.chewy.com/wysong-optimal-senior-dry-dog-food-5/dp/110388,0,0,0,1
1103926,https://www.chewy.com/hills-science-diet-puppy-sensitive/dp/1103926,0,0,0,1
1103942,https://www.chewy.com/hills-science-diet-adult-perfect/dp/1103942,0,0,0,1
1103974,https://www.chewy.com/hills-science-diet-puppy-sensitive/dp/1103974,0,0,0,1
1104014,https://www.chewy.com/hills-science-diet-adult-perfect/dp/1104014,0,0,0,1
110405,https://www.chewy.com/hills-prescription-diet-kd-kidney/dp/110405,0,0,0,1
110408,https://www.chewy.com/hills-prescription-diet-kd-kidney/dp/110408,0,0,0,1
1104102,https://www.chewy.com/hills-science-diet-adult-small-mini/dp/1104102,0,0,0,1
1104118,https://www.chewy.com/hills-science-diet-adult-sensitive/dp/1104118,0,0,0,1
1104134,https://www.chewy.com/hills-science-diet-adult-perfect/dp/1104134,0,0,0,1
1104150,https://www.chewy.com/hills-prescription-diet-cd-multicare/dp/1104150,0,0,0,1
1104174,https://www.chewy.com/hills-science-diet-adult-perfect/dp/1104174,0,0,0,1
1104182,https://www.chewy.com/hills-prescription-diet-cd-multicare/dp/1104182,0,0,0,1
1104214,https://www.chewy.com/hills-science-diet-adult-perfect/dp/1104214,0,0,0,1
1105918,https://www.chewy.com/dr-pol-adult-limited-ingredient-surf/dp/1105918,0,0,0,1
1106166,https://www.chewy.com/eukanuba-premium-performance-3020/dp/1106166,0,0,0,1
1106182,https://www.chewy.com/eukanuba-performance-puppy-meat/dp/1106182,0,0,0,1
1106918,https://www.chewy.com/acana-premium-adult-high-protein-beef/dp/1106918,0,0,0,1
1106942,https://www.chewy.com/orijen-amazing-grains-fit-trim-adult/dp/1106942,0,0,0,1
1106958,https://www.chewy.com/orijen-adult-high-protein-poultry/dp/1106958,0,0,0,1
1106974,https://www.chewy.com/acana-premium-adult-high-protein/dp/1106974,0,0,0,1
1106998,https://www.chewy.com/acana-wholesome-grains-puppy-high/dp/1106998,0,0,0,1
1107054,https://www.chewy.com/acana-premium-adult-high-protein-duck/dp/1107054,0,0,0,1
1107070,https://www.chewy.com/orijen-large-breed-adult-high-protein/dp/1107070,0,0,0,1
1107086,https://www.chewy.com/orijen-adult-high-protein-original/dp/1107086,0,0,0,1
1107102,https://www.chewy.com/orijen-adult-high-protein-regional/dp/1107102,0,0,0,1
1107118,https://www.chewy.com/orijen-adult-high-protein-tundra-pate/dp/1107118,0,0,0,1
1107166,https://www.chewy.com/acana-premium-adult-high-protein-lamb/dp/1107166,0,0,0,1
1108254,https://www.chewy.com/royal-canin-veterinary-diet-adult/dp/1108254,0,0,0,1
1108270,https://www.chewy.com/royal-canin-veterinary-diet-adult/dp/1108270,0,0,0,1
1108294,https://www.chewy.com/jiminys-good-grub-oats-adult-chicken/dp/1108294,0,0,0,1
1108302,https://www.chewy.com/jiminys-cravin-cricket-sweet-potato/dp/1108302,0,0,0,1
1110998,https://www.chewy.com/freshpet-healthy-natural-small-breed/dp/1110998,0,0,0,1
1111654,https://www.chewy.com/farmina-nd-ocean-canine-adult-gmo/dp/1111654,0,0,0,1
1111670,https://www.chewy.com/farmina-nd-ancestral-grain-canine/dp/1111670,0,0,0,1
1111678,https://www.chewy.com/farmina-nd-ocean-canine-adult-gmo/dp/1111678,0,0,0,1
1111742,https://www.chewy.com/farmina-nd-ocean-adult-gmo-free/dp/1111742,0,0,0,1
111180,https://www.chewy.com/wysong-epigen-beef-formula-grain-free/dp/111180,0,0,0,1
1111806,https://www.chewy.com/nulo-adult-high-protein-beef-sweet/dp/1111806,0,0,0,1
111181,https://www.chewy.com/wysong-epigen-chicken-formula-grain/dp/111181,0,0,0,1
1111814,https://www.chewy.com/nulo-adult-high-protein-pork-apple/dp/1111814,0,0,0,1
111182,https://www.chewy.com/wysong-epigen-duck-formula-grain-free/dp/111182,0,0,0,1
1111830,https://www.chewy.com/nulo-adult-high-protein-duck-quinoa/dp/1111830,0,0,0,1
111184,https://www.chewy.com/wysong-epigen-rabbit-formula-grain/dp/111184,0,0,0,1
1111846,https://www.chewy.com/nulo-adult-high-protein-salmon-brown/dp/1111846,0,0,0,1
1111862,https://www.chewy.com/nulo-adult-high-protein-turkey-green/dp/1111862,0,0,0,1
1111878,https://www.chewy.com/nulo-adult-high-protein-chicken/dp/1111878,0,0,0,1
111189,https://www.chewy.com/wysong-epigen-salmon-formula-grain/dp/111189,0,0,1,1
1112982,https://www.chewy.com/canidae-pure-grain-free-puppy-real/dp/1112982,0,0,0,1
111912,https://www.chewy.com/blue-buffalo-life-protection-formula/dp/111912,0,0,0,1
111936,https://www.chewy.com/blue-buffalo-wilderness-trail-toppers/dp/111936,0,0,0,1
111940,https://www.chewy.com/blue-buffalo-wilderness-trail-toppers/dp/111940,0,0,0,1
111950,https://www.chewy.com/blue-buffalo-freedom-adult-beef/dp/111950,0,0,0,1
111952,https://www.chewy.com/blue-buffalo-freedom-adult-lamb/dp/111952,0,0,0,1
111954,https://www.chewy.com/blue-buffalo-freedom-senior-chicken/dp/111954,0,0,0,1
111958,https://www.chewy.com/blue-buffalo-wilderness-rocky/dp/111958,0,0,0,1
112065,https://www.chewy.com/health-extension-grain-free-buffalo/dp/112065,0,0,0,1
112472,https://www.chewy.com/nutro-ultra-grain-free-chicken-entree/dp/112472,0,0,0,1
112478,https://www.chewy.com/nutro-ultra-grain-free-chicken-entree/dp/112478,0,0,0,1
112666,https://www.chewy.com/natural-balance-limited-ingredient/dp/112666,0,0,0,1
112793,https://www.chewy.com/blue-buffalo-freedom-adult-beef/dp/112793,0,0,0,1
112796,https://www.chewy.com/blue-buffalo-life-protection-formula/dp/112796,0,0,0,1
112803,https://www.chewy.com/blue-buffalo-blues-hunters-stew-grain/dp/112803,0,0,0,1
1130350,https://www.chewy.com/bravo-homestyle-complete-beef-grain/dp/1130350,0,0,0,1
113212,https://www.chewy.com/weruva-grandmas-chicken-soup-chicken/dp/113212,0,0,0,1
113282,https://www.chewy.com/weruva-hot-dayam-luscious-lamb-in/dp/113282,0,0,0,1
113285,https://www.chewy.com/weruva-thats-my-jam-chicken-lamb-in/dp/113285,0,0,0,1
113288,https://www.chewy.com/weruva-green-eggs-chicken-chicken-egg/dp/113288,0,0,0,1
113291,https://www.chewy.com/weruva-peking-ducken-chicken-duck-in/dp/113291,0,0,0,1
113391,https://www.chewy.com/canine-caviar-limited-ingredient-diet/dp/113391,0,0,0,1
113393,https://www.chewy.com/canine-caviar-limited-ingredient-diet/dp/113393,0,0,0,1
113394,https://www.chewy.com/canine-caviar-limited-ingredient-diet/dp/113394,0,0,0,1
113397,https://www.chewy.com/canine-caviar-limited-ingredient-diet/dp/113397,0,0,0,1
113399,https://www.chewy.com/canine-caviar-limited-ingredient-diet/dp/113399,0,0,0,1
113400,https://www.chewy.com/canine-caviar-limited-ingredient-diet/dp/113400,0,0,0,1
113403,https://www.chewy.com/canine-caviar-limited-ingredient-diet/dp/113403,0,0,0,1
113412,https://www.chewy.com/canine-caviar-limited-ingredient-diet/dp/113412,0,0,0,1
113485,https://www.chewy.com/caru-real-beef-stew-grain-free-wet/dp/113485,0,0,0,1
113489,https://www.chewy.com/honest-kitchen-whole-grain-chicken/dp/113489,0,0,0,1
113496,https://www.chewy.com/caru-real-turkey-stew-grain-free-wet/dp/113496,0,0,0,1
113499,https://www.chewy.com/caru-real-chicken-stew-grain-free-wet/dp/113499,0,0,0,1
113500,https://www.chewy.com/caru-real-pork-stew-grain-free-wet/dp/113500,0,0,0,1
113539,https://www.chewy.com/blue-buffalo-homestyle-recipe-small/dp/113539,0,0,0,1
113589,https://www.chewy.com/horizon-pulsar-grain-free-chicken/dp/113589,0,0,0,1
113592,https://www.chewy.com/horizon-pulsar-grain-free-salmon/dp/113592,0,0,0,1
113596,https://www.chewy.com/horizon-pulsar-grain-free-turkey/dp/113596,0,0,0,1
113603,https://www.chewy.com/horizon-legacy-farm-country-blend-dry/dp/113603,0,0,0,1
113606,https://www.chewy.com/horizon-legacy-northern-water-fish/dp/113606,0,0,0,1
113975,https://www.chewy.com/purina-pro-plan-bright-mind-adult-7/dp/113975,0,0,0,1
114028,https://www.chewy.com/purina-pro-plan-adult-shredded-blend/dp/114028,0,0,0,1
114056,https://www.chewy.com/purina-pro-plan-sport-performance-all/dp/114056,0,0,0,1
114475,https://www.chewy.com/nutro-natural-choice-large-breed/dp/114475,0,0,0,1
114514,https://www.chewy.com/nutro-premium-loaf-savory-lamb-carrot/dp/114514,0,0,0,1
114515,https://www.chewy.com/nutro-puppy-tender-beef-pea-carrot/dp/114515,0,0,0,1
114516,https://www.chewy.com/nutro-grain-free-simmered-beef-potato/dp/114516,0,0,0,1
114518,https://www.chewy.com/nutro-hearty-stew-tender-chicken/dp/114518,0,0,0,1
114520,https://www.chewy.com/nutro-limited-ingredient-diet-premium/dp/114520,0,0,0,1
114524,https://www.chewy.com/nutro-puppy-tender-grain-free-chicken/dp/114524,0,0,0,1
114530,https://www.chewy.com/nutro-grain-free-tender-chicken-sweet/dp/114530,0,0,0,1
114531,https://www.chewy.com/nutro-grain-free-roasted-turkey/dp/114531,0,0,0,1
114532,https://www.chewy.com/nutro-grain-free-savory-lamb/dp/114532,0,0,0,1
114553,https://www.chewy.com/nutro-natural-choice-large-breed/dp/114553,0,0,0,1
114559,https://www.chewy.com/nutro-natural-choice-senior-lamb/dp/114559,0,0,0,1
114560,https://www.chewy.com/nutro-natural-choice-small-bites/dp/114560,0,0,0,1
114563,https://www.chewy.com/nutro-natural-choice-healthy-weight/dp/114563,0,0,0,1
114565,https://www.chewy.com/nutro-natural-choice-healthy-weight/dp/114565,0,0,0,1
114575,https://www.chewy.com/nutro-natural-choice-adult-venison/dp/114575,0,0,0,1
114586,https://www.chewy.com/nutro-natural-choice-healthy-weight/dp/114586,0,0,0,1
114600,https://www.chewy.com/nutro-natural-choice-senior-chicken/dp/114600,0,0,0,1
114608,https://www.chewy.com/nutro-natural-choice-large-breed/dp/114608,0,0,0,1
114609,https://www.chewy.com/nutro-natural-choice-large-breed/dp/114609,0,0,0,1
114719,https://www.chewy.com/merrick-backcountry-grain-free-wet/dp/114719,0,0,0,1
114721,https://www.chewy.com/merrick-backcountry-grain-free-96/dp/114721,0,0,0,1
115107,https://www.chewy.com/merrick-limited-ingredient-diet-grain/dp/115107,0,0,0,1
115226,https://www.chewy.com/hills-prescription-diet-cd-multicare/dp/115226,0,0,0,1
115231,https://www.chewy.com/hills-prescription-diet-metabolic/dp/115231,0,0,0,1
115233,https://www.chewy.com/hills-prescription-diet-metabolic/dp/115233,0,0,0,1
115257,https://www.chewy.com/solid-gold-fit-fabulous-low-fatlow/dp/115257,0,0,0,1
115285,https://www.chewy.com/solid-gold-wild-heart-sensitive/dp/115285,0,0,0,1
115565,https://www.chewy.com/purina-pro-plan-veterinary-diets-ur/dp/115565,0,0,0,1
115611,https://www.chewy.com/royal-canin-veterinary-diet-adult/dp/115611,0,0,0,1
115776,https://www.chewy.com/royal-canin-size-health-nutrition/dp/115776,0,0,0,1
115910,https://www.chewy.com/blue-buffalo-basics-skin-stomach-care/dp/115910,0,0,0,1
115924,https://www.chewy.com/blue-buffalo-basics-skin-stomach-care/dp/115924,0,0,0,1
115927,https://www.chewy.com/blue-buffalo-basics-skin-stomach-care/dp/115927,0,0,0,1
1161390,https://www.chewy.com/benny-bullys-beef-nutrimix-raw-freeze/dp/1161390,0,0,0,1
116162,https://www.chewy.com/firstmate-skoki-dry-dog-food-40-lb/dp/116162,0,0,0,1
116198,https://www.chewy.com/firstmate-salmon-formula-limited/dp/116198,0,0,0,1
116200,https://www.chewy.com/firstmate-chicken-formula-limited/dp/116200,0,0,0,1
116202,https://www.chewy.com/firstmate-turkey-formula-limited/dp/116202,0,0,0,1
116215,https://www.chewy.com/kasiks-grain-free-wild-pacific-ocean/dp/116215,0,0,0,1
116218,https://www.chewy.com/kasiks-free-run-grain-free-chicken/dp/116218,0,0,0,1
116221,https://www.chewy.com/kasiks-free-range-grain-free-lamb/dp/116221,0,0,0,1
116431,https://www.chewy.com/health-extension-original-chicken/dp/116431,0,0,0,1
116434,https://www.chewy.com/health-extension-vegetarian-entree/dp/116434,0,0,0,1
116437,https://www.chewy.com/health-extension-grain-free-salmon/dp/116437,0,0,0,1
116949,https://www.chewy.com/avoderm-advanced-sensitive-support/dp/116949,0,0,0,1
117006,https://www.chewy.com/i-love-you-nude-food-grain-free/dp/117006,0,0,0,1
117014,https://www.chewy.com/i-love-you-nude-food-grain-free/dp/117014,0,0,0,1
117020,https://www.chewy.com/i-love-you-cluckin-good-stew-grain/dp/117020,0,0,0,1
117022,https://www.chewy.com/i-love-you-beef-booyah-stew-grain/dp/117022,0,0,0,1
117092,https://www.chewy.com/hills-prescription-diet-id-digestive/dp/117092,0,0,0,1
1171070,https://www.chewy.com/wellness-complete-health-natural/dp/1171070,0,0,0,1
1171102,https://www.chewy.com/wellness-complete-health-natural/dp/1171102,0,0,0,1
1171134,https://www.chewy.com/wellness-complete-health-natural/dp/1171134,0,0,0,1
1171190,https://www.chewy.com/native-level-1-lamb-flavor-dry-dog/dp/1171190,0,0,0,1
117288,https://www.chewy.com/hills-prescription-diet-metabolic/dp/117288,0,0,0,1
117294,https://www.chewy.com/hills-prescription-diet-metabolic/dp/117294,0,0,0,1
117452,https://www.chewy.com/purina-pro-plan-veterinary-diets-ha/dp/117452,0,0,0,1
117496,https://www.chewy.com/purina-pro-plan-veterinary-diets-en/dp/117496,0,0,0,1
117663,https://www.chewy.com/rachael-ray-nutrish-zero-grain/dp/117663,0,0,0,1
118059,https://www.chewy.com/zignature-kangaroo-limited-ingredient/dp/118059,0,0,0,1
118063,https://www.chewy.com/zignature-whitefish-limited/dp/118063,0,0,0,1
1181694,https://www.chewy.com/bully-max-3020-adult-high-protein-fat/dp/1181694,0,0,0,1
118305,https://www.chewy.com/honest-kitchen-limited-ingredient/dp/118305,0,0,0,1
118308,https://www.chewy.com/honest-kitchen-limited-ingredient/dp/118308,0,0,0,1
118323,https://www.chewy.com/royal-canin-veterinary-diet-adult/dp/118323,0,0,0,1
118324,https://www.chewy.com/royal-canin-veterinary-diet-adult/dp/118324,0,0,0,1
118326,https://www.chewy.com/royal-canin-veterinary-diet-adult/dp/118326,0,0,0,1
118329,https://www.chewy.com/royal-canin-veterinary-diet-adult/dp/118329,0,0,0,1
118347,https://www.chewy.com/royal-canin-veterinary-diet-adult/dp/118347,0,0,0,1
118353,https://www.chewy.com/royal-canin-veterinary-diet-adult/dp/118353,0,0,0,1
118365,https://www.chewy.com/hills-prescription-diet-id-digestive/dp/118365,0,0,0,1
118369,https://www.chewy.com/hills-prescription-diet-id-digestive/dp/118369,0,0,0,1
118392,https://www.chewy.com/sportmix-premium-high-energy-2618/dp/118392,0,0,0,1
118394,https://www.chewy.com/sportmix-premium-energy-plus-adult/dp/118394,0,0,0,1
118398,https://www.chewy.com/sportmix-premium-maintenance-adult/dp/118398,0,0,0,1
118404,https://www.chewy.com/wholesomes-lamb-meal-rice-formula-dry/dp/118404,0,0,0,1
118406,https://www.chewy.com/wholesomes-fish-meal-rice-formula/dp/118406,0,0,0,1
118411,https://www.chewy.com/wholesomes-large-breed-chicken-meal/dp/118411,0,0,0,1
118416,https://www.chewy.com/wholesomes-chicken-meal-rice-formula/dp/118416,0,0,0,1
118606,https://www.chewy.com/hills-prescription-diet-wd-multi/dp/118606,0,0,0,1
118646,https://www.chewy.com/petkind-tripe-dry-grain-free-green/dp/118646,0,0,0,1
118650,https://www.chewy.com/petkind-tripe-dry-grain-free-green/dp/118650,0,0,0,1
118654,https://www.chewy.com/petkind-tripe-dry-grain-free-green/dp/118654,0,0,0,1
118658,https://www.chewy.com/petkind-tripe-dry-grain-free-green/dp/118658,0,0,0,1
118671,https://www.chewy.com/weruva-dogs-in-kitchen-love-me-tender/dp/118671,0,0,0,1
118679,https://www.chewy.com/weruva-dogs-in-kitchen-lamburgini/dp/118679,0,0,0,1
118681,https://www.chewy.com/weruva-dogs-in-kitchen-double-dip/dp/118681,0,0,0,1
118683,https://www.chewy.com/weruva-dogs-in-kitchen-love-me-tender/dp/118683,0,0,0,1
118685,https://www.chewy.com/weruva-dogs-in-kitchen-fowl-ball/dp/118685,0,0,0,1
118687,https://www.chewy.com/weruva-dogs-in-kitchen-funk-in-trunk/dp/118687,0,0,0,1
118689,https://www.chewy.com/weruva-dogs-in-kitchen-goldie-lox/dp/118689,0,0,0,1
118691,https://www.chewy.com/weruva-dogs-in-kitchen-lamburgini/dp/118691,0,0,0,1
118693,https://www.chewy.com/weruva-dogs-in-kitchen-double-dip/dp/118693,0,0,0,1
118740,https://www.chewy.com/hills-prescription-diet-kd-kidney/dp/118740,0,0,0,1
1188678,https://www.chewy.com/blackwood-complete-balanced-diet/dp/1188678,0,0,0,1
1188718,https://www.chewy.com/blackwood-puppy-performance-growing/dp/1188718,0,0,0,1
1188742,https://www.chewy.com/blackwood-lean-senior-chicken-meal/dp/1188742,0,0,0,1
1188798,https://www.chewy.com/blackwood-complete-balanced-diet/dp/1188798,0,0,0,1
1188822,https://www.chewy.com/blackwood-complete-balanced-diet/dp/1188822,0,0,0,1
119086,https://www.chewy.com/i-love-you-naked-essentials-grain/dp/119086,0,0,0,1
119118,https://www.chewy.com/taste-wild-appalachian-valley-small/dp/119118,0,0,0,1
119122,https://www.chewy.com/taste-wild-pine-forest-grain-free-dry/dp/119122,0,0,0,1
119177,https://www.chewy.com/zignature-kangaroo-limited-ingredient/dp/119177,0,0,0,1
119179,https://www.chewy.com/zignature-whitefish-limited/dp/119179,0,0,0,1
1192190,https://www.chewy.com/blackwood-sensitive-skin-stomach/dp/1192190,0,0,0,1
1192214,https://www.chewy.com/blackwood-large-breed-adult-white/dp/1192214,0,0,0,1
1192222,https://www.chewy.com/blackwood-sensitive-skin-stomach/dp/1192222,0,0,0,1
1193494,https://www.chewy.com/petplate-frozen-fresh-human-grade/dp/1193494,0,0,0,1
1193502,https://www.chewy.com/petplate-frozen-fresh-human-grade/dp/1193502,0,0,0,1
1193510,https://www.chewy.com/petplate-frozen-fresh-human-grade/dp/1193510,0,0,0,1
1193550,https://www.chewy.com/petplate-frozen-fresh-human-grade/dp/1193550,0,0,0,1
1193582,https://www.chewy.com/petplate-frozen-fresh-human-grade/dp/1193582,0,0,0,1
119453,https://www.chewy.com/purina-one-natural-smartblend-small/dp/119453,0,0,0,1
119668,https://www.chewy.com/purina-pro-plan-veterinary-diets-cn/dp/119668,0,0,0,1
120222,https://www.chewy.com/lotus-oven-baked-grain-free-turkey/dp/120222,0,0,0,1
120226,https://www.chewy.com/lotus-oven-baked-small-bites-grain/dp/120226,0,0,0,1
120440,https://www.chewy.com/hills-prescription-diet-id-digestive/dp/120440,0,0,0,1
120487,https://www.chewy.com/hills-prescription-diet-kd-kidney/dp/120487,0,0,0,1
120526,https://www.chewy.com/hills-prescription-diet-metabolic/dp/120526,0,0,0,1
120558,https://www.chewy.com/weruva-no-ruff-days-variety-pack/dp/120558,0,0,0,1
120619,https://www.chewy.com/brothers-complete-venison-meal-egg/dp/120619,0,0,0,1
1206294,https://www.chewy.com/nom-nom-freshly-made-adult-grain-free/dp/1206294,0,0,0,1
1206310,https://www.chewy.com/nom-nom-freshly-made-adult-grain-free/dp/1206310,0,0,0,1
120668,https://www.chewy.com/victor-select-beef-meal-brown-rice/dp/120668,0,0,0,1
120672,https://www.chewy.com/victor-select-chicken-meal-brown-rice/dp/120672,0,0,0,1
120676,https://www.chewy.com/victor-select-ocean-fish-formula-dry/dp/120676,0,0,0,1
120680,https://www.chewy.com/victor-select-lamb-meal-brown-rice/dp/120680,0,0,0,1
120682,https://www.chewy.com/victor-classic-high-energy-formula/dp/120682,0,0,0,1
120684,https://www.chewy.com/victor-purpose-performance-formula/dp/120684,0,0,0,1
120686,https://www.chewy.com/victor-classic-professional-formula/dp/120686,0,0,0,1
120690,https://www.chewy.com/victor-classic-hi-pro-plus-formula/dp/120690,0,0,0,1
120696,https://www.chewy.com/victor-purpose-senior-healthy-weight/dp/120696,0,0,0,1
120700,https://www.chewy.com/victor-purpose-active-dog-puppy/dp/120700,0,0,0,1
120702,https://www.chewy.com/victor-purpose-hero-grain-free-dry/dp/120702,0,0,0,1
120708,https://www.chewy.com/victor-purpose-ultra-pro-grain-free/dp/120708,0,0,0,1
120711,https://www.chewy.com/victor-select-chicken-meal-sweet/dp/120711,0,0,0,1
120770,https://www.chewy.com/canidae-grain-free-pure-limited/dp/120770,0,0,0,1
120774,https://www.chewy.com/canidae-grain-free-pure-healthy/dp/120774,0,0,0,1
120778,https://www.chewy.com/canidae-grain-free-pure-senior/dp/120778,0,0,0,1
120944,https://www.chewy.com/instinct-raw-boost-small-breed-grain/dp/120944,0,0,0,1
121059,https://www.chewy.com/acana-free-run-poultry-recipe-grain/dp/121059,0,0,0,1
121066,https://www.chewy.com/acana-freshwater-fish-recipe-grain/dp/121066,0,0,0,1
121070,https://www.chewy.com/acana-red-meat-recipe-grain-free-dry/dp/121070,0,0,0,1
121084,https://www.chewy.com/stella-chewys-stellas-super-beef/dp/121084,0,0,0,1
121085,https://www.chewy.com/stella-chewys-chewys-chicken-dinner/dp/121085,1,0,0,1
121086,https://www.chewy.com/stella-chewys-duck-duck-goose-dinner/dp/121086,0,0,0,1
121148,https://www.chewy.com/hills-science-diet-adult-11-small/dp/121148,0,0,0,1
121219,https://www.chewy.com/almo-nature-hqs-natural-chicken/dp/121219,0,0,0,1
121222,https://www.chewy.com/almo-nature-legend-hqs-natural/dp/121222,0,0,0,1
121540,https://www.chewy.com/primal-venison-nuggets-grain-free-raw/dp/121540,0,0,0,1
121607,https://www.chewy.com/hills-science-diet-adult-healthy/dp/121607,0,0,0,1
121609,https://www.chewy.com/hills-science-diet-adult-7-healthy/dp/121609,0,0,0,1
121611,https://www.chewy.com/hills-science-diet-adult-healthy/dp/121611,0,0,0,1
121613,https://www.chewy.com/hills-science-diet-adult-7-healthy/dp/121613,0,0,0,1
1216366,https://www.chewy.com/purina-pro-plan-adult-small-breed/dp/1216366,0,0,0,1
1216374,https://www.chewy.com/purina-pro-plan-puppy-small-breed/dp/1216374,0,0,0,1
1216382,https://www.chewy.com/purina-pro-plan-adult-small-breed/dp/1216382,0,0,0,1
1216414,https://www.chewy.com/purina-pro-plan-senior-small-breed/dp/1216414,0,0,0,1
121657,https://www.chewy.com/hills-science-diet-adult-perfect/dp/121657,0,0,0,1
1216598,https://www.chewy.com/zeal-turkey-recipe-grain-free-gently/dp/1216598,0,0,0,1
1216614,https://www.chewy.com/zeal-salmon-duck-recipe-grain-free-22/dp/1216614,0,0,0,1
121714,https://www.chewy.com/natures-logic-canine-turkey-feast-all/dp/121714,0,0,0,1
121729,https://www.chewy.com/merrick-classic-healthy-grains-dry/dp/121729,0,0,0,1
121733,https://www.chewy.com/merrick-classic-healthy-grains-real/dp/121733,0,0,0,1
121736,https://www.chewy.com/merrick-classic-healthy-grains-real/dp/121736,0,0,0,1
121739,https://www.chewy.com/merrick-classic-healthy-grains-dry/dp/121739,0,0,0,1
121811,https://www.chewy.com/instinct-healthy-cravings-grain-free/dp/121811,0,0,0,1
121813,https://www.chewy.com/instinct-healthy-cravings-grain-free/dp/121813,0,0,0,1
1221702,https://www.chewy.com/pets-table-chicken-sweet-potato-beef/dp/1221702,0,0,1,1
1222350,https://www.chewy.com/eukanuba-adult-medium-breed-dry-dog/dp/1222350,0,0,0,1
1222510,https://www.chewy.com/badlands-ranch-superfood-complete/dp/1222510,0,0,0,0
122409,https://www.chewy.com/addiction-grain-free-limited/dp/122409,0,0,0,1
123244,https://www.chewy.com/wellness-core-grain-free-hearty-cuts/dp/123244,0,0,0,1
123246,https://www.chewy.com/wellness-core-hearty-cuts-in-gravy/dp/123246,0,0,0,1
123254,https://www.chewy.com/wellness-grain-free-complete-health/dp/123254,0,0,0,1
123258,https://www.chewy.com/wellness-grain-free-complete-health/dp/123258,0,0,0,1
123726,https://www.chewy.com/hills-science-diet-adult-sensitive/dp/123726,0,0,0,1
123873,https://www.chewy.com/acana-meadowland-grain-free-dry-dog/dp/123873,0,0,0,1
123882,https://www.chewy.com/acana-wild-atlantic-grain-free-dry/dp/123882,0,0,0,1
123893,https://www.chewy.com/acana-appalachian-ranch-grain-free/dp/123893,0,0,0,1
1257118,https://www.chewy.com/purina-pro-plan-veterinary-diets-el/dp/1257118,0,0,0,1
1257382,https://www.chewy.com/black-gold-explorer-puppy-chicken-dry/dp/1257382,0,0,0,1
1257390,https://www.chewy.com/black-gold-explorer-adult-chicken-dry/dp/1257390,0,0,0,1
1257950,https://www.chewy.com/canidae-all-life-stages-multi-protein/dp/1257950,0,0,0,1
1257974,https://www.chewy.com/canidae-all-life-stages-real-chicken/dp/1257974,0,0,0,1
1257990,https://www.chewy.com/canidae-all-life-stages-real-lamb-dry/dp/1257990,0,0,0,1
1261526,https://www.chewy.com/canidae-adult-real-salmon-ancient/dp/1261526,0,0,0,1
1261550,https://www.chewy.com/canidae-adult-grain-free-real-chicken/dp/1261550,0,0,0,1
1262118,https://www.chewy.com/wholesomes-adult-bison-meal-rice-dry/dp/1262118,0,0,0,1
1262126,https://www.chewy.com/sportmix-extreme-energy-adult-chicken/dp/1262126,0,0,0,1
1262142,https://www.chewy.com/wholesomes-adult-grain-free-lamb/dp/1262142,0,0,0,1
1262286,https://www.chewy.com/livelong-healthy-strong-adut-high/dp/1262286,0,0,0,1
126244,https://www.chewy.com/rachael-ray-nutrish-dish-natural/dp/126244,0,0,0,1
126251,https://www.chewy.com/rachael-ray-nutrish-dish-natural-beef/dp/126251,0,0,0,1
1262574,https://www.chewy.com/purina-pro-plan-veterinary-diets-en/dp/1262574,0,0,0,1
1262590,https://www.chewy.com/purina-pro-plan-veterinary-diets-en/dp/1262590,0,0,0,1
1262606,https://www.chewy.com/purina-pro-plan-veterinary-diets-en/dp/1262606,0,0,0,1
126286,https://www.chewy.com/american-natural-premium-endurance/dp/126286,0,0,0,1
126293,https://www.chewy.com/american-natural-premium-sensitive/dp/126293,0,0,0,1
126297,https://www.chewy.com/american-natural-premium-exhibitors/dp/126297,0,0,0,1
126323,https://www.chewy.com/kinetic-performance-ultra-32k-formula/dp/126323,0,0,0,1
126329,https://www.chewy.com/kinetic-performance-puppy-28k-formula/dp/126329,0,0,0,1
126331,https://www.chewy.com/kinetic-performance-active-26k/dp/126331,0,0,0,1
127051,https://www.chewy.com/daves-pet-food-stewlicious-meaty/dp/127051,0,0,0,1
127192,https://www.chewy.com/royal-canin-puppy-canned-dog-food-135/dp/127192,0,0,0,1
127194,https://www.chewy.com/royal-canin-canine-care-nutrition/dp/127194,0,0,0,1
127198,https://www.chewy.com/royal-canin-adult-canned-dog-food-135/dp/127198,0,0,0,1
1273118,https://www.chewy.com/hills-prescription-diet-cd-multicare/dp/1273118,0,0,0,1
127370,https://www.chewy.com/petkind-thats-it-beef-tripe-grain/dp/127370,0,0,0,1
1274902,https://www.chewy.com/eukanuba-premium-performance-3020/dp/1274902,0,0,0,1
127981,https://www.chewy.com/triumph-free-spirit-grain-free/dp/127981,0,0,0,1
128017,https://www.chewy.com/rachael-ray-nutrish-real-chicken/dp/128017,0,0,0,1
128088,https://www.chewy.com/zignature-venison-limited-ingredient/dp/128088,0,0,0,1
128269,https://www.chewy.com/i-love-you-moo-moo-venison-stew-grain/dp/128269,0,0,0,1
128271,https://www.chewy.com/i-love-you-lambarama-stew-grain-free/dp/128271,0,0,0,1
128666,https://www.chewy.com/purina-pro-plan-adult-sensitive-skin/dp/128666,0,0,0,1
128812,https://www.chewy.com/orijen-puppy-grain-free-dry-puppy/dp/128812,0,0,0,1
128814,https://www.chewy.com/orijen-puppy-large-grain-free-dry/dp/128814,0,0,0,1
128817,https://www.chewy.com/orijen-original-grain-free-dry-dog/dp/128817,0,0,0,1
128820,https://www.chewy.com/orijen-senior-grain-free-dry-dog-food/dp/128820,0,0,0,1
129180,https://www.chewy.com/artemis-fresh-mix-small-breed-all/dp/129180,0,0,0,1
1292414,https://www.chewy.com/stella-chewys-meal-mixers-super-beef/dp/1292414,0,0,0,1
129281,https://www.chewy.com/victor-purpose-nutra-pro-dry-dog-food/dp/129281,0,0,0,1
129402,https://www.chewy.com/lotus-venison-stew-grain-free-canned/dp/129402,0,0,0,1
129413,https://www.chewy.com/lotus-pork-stew-grain-free-canned-dog/dp/129413,0,0,0,1
129811,https://www.chewy.com/purina-pro-plan-sensitive-skin/dp/129811,0,0,0,1
1298990,https://www.chewy.com/cesar-simply-crafted-multipack-adult/dp/1298990,0,0,0,1
1299070,https://www.chewy.com/go-solutions-weight-management-joint/dp/1299070,0,0,0,1
1299134,https://www.chewy.com/go-solutions-digestion-gut-health/dp/1299134,0,0,0,1
130002,https://www.chewy.com/purina-pro-plan-veterinary-diets-ur/dp/130002,0,0,0,1
1300222,https://www.chewy.com/now-fresh-good-gravy-ancient-grains/dp/1300222,0,0,0,1
1300262,https://www.chewy.com/now-fresh-good-gravy-ancient-grains/dp/1300262,0,0,0,1
1300350,https://www.chewy.com/blue-buffalo-wilderness-rocky/dp/1300350,0,0,0,1
130447,https://www.chewy.com/artemis-osopure-duck-garbanzo-bean/dp/130447,0,0,0,1
130451,https://www.chewy.com/artemis-osopure-salmon-garbanzo-bean/dp/130451,0,0,0,1
131325,https://www.chewy.com/avoderm-advanced-joint-health-chicken/dp/131325,0,0,0,1
131329,https://www.chewy.com/avoderm-advanced-senior-health-lamb/dp/131329,0,0,0,1
131615,https://www.chewy.com/dr-tims-athletic-blend-glacier/dp/131615,0,0,0,1
132393,https://www.chewy.com/zignature-salmon-limited-ingredient/dp/132393,0,0,0,1
1324054,https://www.chewy.com/bully-max-2511-high-protein-low-fat/dp/1324054,0,0,0,1
1324102,https://www.chewy.com/bully-max-pro-2x-high-calorie-chicken/dp/1324102,0,0,0,1
132421,https://www.chewy.com/wysong-senior-organic-turkey-canned/dp/132421,0,0,0,1
1324334,https://www.chewy.com/smallbatch-pets-lamb-sliders-non-gmo/dp/1324334,0,0,0,1
1324366,https://www.chewy.com/smallbatch-pets-beef-sliders-non-gmo/dp/1324366,0,0,0,1
1324406,https://www.chewy.com/smallbatch-pets-turkey-sliders-non/dp/1324406,0,0,0,1
1324446,https://www.chewy.com/smallbatch-pets-duck-sliders-non-gmo/dp/1324446,0,0,0,1
1324470,https://www.chewy.com/smallbatch-pets-chicken-sliders-non/dp/1324470,0,0,0,1
1324510,https://www.chewy.com/smallbatch-pets-super-booster-beef/dp/1324510,0,0,0,1
1324582,https://www.chewy.com/smallbatch-pets-super-booster-rabbit/dp/1324582,0,0,0,1
132470,https://www.chewy.com/ziwi-peak-venison-grain-free-air/dp/132470,0,0,0,1
1324862,https://www.chewy.com/bark-box-cheesy-does-it-adult-high/dp/1324862,0,0,0,1
1325590,https://www.chewy.com/weruva-awesome-belly-chicken-breast/dp/1325590,0,0,0,1
1325614,https://www.chewy.com/weruva-awesome-bouncy-magnificent/dp/1325614,0,0,0,1
1325670,https://www.chewy.com/weruva-awesome-bouncy-chicken-breast/dp/1325670,0,0,0,1
1325686,https://www.chewy.com/weruva-awesome-belly-sensitive/dp/1325686,0,0,0,1
1325710,https://www.chewy.com/weruva-awesome-bouncy-beef-riceberry/dp/1325710,0,0,0,1
1325734,https://www.chewy.com/weruva-awesome-bouncy-chicken-breast/dp/1325734,0,0,0,1
1325766,https://www.chewy.com/weruva-awesome-belly-beef-white-rice/dp/1325766,0,0,0,1
1325806,https://www.chewy.com/weruva-awesome-shiny-beef-brown-rice/dp/1325806,0,0,0,1
1325830,https://www.chewy.com/weruva-awesome-shiny-chicken-breast/dp/1325830,0,0,0,1
1325854,https://www.chewy.com/weruva-awesome-shiny-coat-crusader/dp/1325854,0,0,0,1
132750,https://www.chewy.com/health-extension-grain-free-salmon/dp/132750,0,0,0,1
132755,https://www.chewy.com/health-extension-grain-free-duck/dp/132755,0,0,0,1
132760,https://www.chewy.com/health-extension-grain-free-venison/dp/132760,0,0,0,1
132764,https://www.chewy.com/health-extension-grain-free-little/dp/132764,0,0,0,1
133065,https://www.chewy.com/stella-chewys-superblends-cage-free/dp/133065,0,0,0,1
133068,https://www.chewy.com/stella-chewys-superblends-grass-fed/dp/133068,0,0,0,1
133071,https://www.chewy.com/stella-chewys-superblends-cage-free/dp/133071,0,0,0,1
1331190,https://www.chewy.com/nulo-beef-apples-grain-free-freeze/dp/1331190,0,0,0,1
1331222,https://www.chewy.com/nulo-lamb-raspberries-grain-free/dp/1331222,0,0,0,1
1331262,https://www.chewy.com/nulo-turkey-salmon-grain-free-freeze/dp/1331262,0,0,0,1
133156,https://www.chewy.com/zignature-salmon-limited-ingredient/dp/133156,0,0,0,1
133794,https://www.chewy.com/gentle-giants-non-gmo-dog-puppy-food/dp/133794,0,0,0,1
133800,https://www.chewy.com/gentle-giants-non-gmo-puppy-grain/dp/133800,0,0,0,1
133805,https://www.chewy.com/gentle-giants-non-gmo-puppy-grain/dp/133805,0,0,0,1
133812,https://www.chewy.com/gentle-giants-natural-non-gmo-puppy/dp/133812,0,0,0,1
133816,https://www.chewy.com/gentle-giants-natural-non-gmo-puppy/dp/133816,0,0,0,1
133843,https://www.chewy.com/hills-prescription-diet-zd-skinfood/dp/133843,0,0,0,1
133946,https://www.chewy.com/orijen-six-fish-grain-free-dry-dog/dp/133946,0,0,0,1
133949,https://www.chewy.com/orijen-regional-red-grain-free-dry/dp/133949,0,0,0,1
134174,https://www.chewy.com/caru-real-turkey-lamb-stew-grain-free/dp/134174,0,0,0,1
1342766,https://www.chewy.com/zignature-puppy-formula-adult-chicken/dp/1342766,0,0,0,1
1342798,https://www.chewy.com/zignature-puppy-formula-adult-chicken/dp/1342798,0,0,0,1
1343070,https://www.chewy.com/badlands-ranch-superfood-complete/dp/1343070,0,0,0,1
134308,https://www.chewy.com/wellness-grain-free-complete-health/dp/134308,0,0,0,1
134311,https://www.chewy.com/wellness-grain-free-complete-health/dp/134311,0,0,0,1
134313,https://www.chewy.com/wellness-grain-free-complete-health/dp/134313,0,0,0,1
1343214,https://www.chewy.com/next-level-super-premium-pet-food/dp/1343214,0,0,0,1
1343230,https://www.chewy.com/next-level-super-premium-pet-food/dp/1343230,0,0,0,1
1343238,https://www.chewy.com/next-level-super-premium-pet-food-hi/dp/1343238,0,0,0,1
1343246,https://www.chewy.com/next-level-super-premium-pet-food/dp/1343246,0,0,0,1
1343254,https://www.chewy.com/next-level-super-premium-pet-food/dp/1343254,0,0,0,1
1343278,https://www.chewy.com/next-level-super-premium-pet-food-hi/dp/1343278,0,0,0,1
1343286,https://www.chewy.com/next-level-super-premium-pet-food/dp/1343286,0,0,0,1
1343310,https://www.chewy.com/next-level-super-premium-pet-food-hi/dp/1343310,0,0,0,1
1343342,https://www.chewy.com/next-level-super-premium-pet-food-hi/dp/1343342,0,0,0,1
1343374,https://www.chewy.com/next-level-super-premium-pet-food/dp/1343374,0,0,0,1
1343390,https://www.chewy.com/next-level-super-premium-pet-food/dp/1343390,0,0,0,1
1343422,https://www.chewy.com/next-level-super-premium-pet-food/dp/1343422,0,0,0,1
1344206,https://www.chewy.com/kinetic-performance-vital-24k-formula/dp/1344206,0,0,0,1
134756,https://www.chewy.com/victor-chicken-vegetables-stew-cuts/dp/134756,0,0,0,1
1351702,https://www.chewy.com/gentle-giants-natural-adult-non-gmo/dp/1351702,0,0,0,1
135492,https://www.chewy.com/purina-pro-plan-veterinary-diets-drm/dp/135492,0,0,0,1
1357478,https://www.chewy.com/acana-classics-fish-recipe-pate-wet/dp/1357478,0,0,0,1
1357486,https://www.chewy.com/acana-classics-beef-recipe-pate-wet/dp/1357486,0,0,0,1
1357502,https://www.chewy.com/acana-classics-chicken-recipe-pate/dp/1357502,0,0,0,1
135830,https://www.chewy.com/american-journey-grain-free-puppy/dp/135830,0,0,0,1
1358614,https://www.chewy.com/nulo-cold-pressed-puppy-adult-grain/dp/1358614,0,0,0,1
1358638,https://www.chewy.com/nulo-cold-pressed-puppy-adult-grain/dp/1358638,0,0,0,1
1358662,https://www.chewy.com/nulo-cold-pressed-puppy-adult-grain/dp/1358662,0,0,0,1
1358686,https://www.chewy.com/nulo-cold-pressed-puppy-adult-grain/dp/1358686,0,0,0,1
135899,https://www.chewy.com/rachael-ray-nutrish-peak-open-prairie/dp/135899,0,0,0,1
1362278,https://www.chewy.com/chewy-chicken-brown-rice/dp/1362278,0,0,0,1
1362654,https://www.chewy.com/bixbi-rawbble-grain-free-beef-recipe/dp/1362654,0,0,0,1
1364926,https://www.chewy.com/good-n-tasty-triple-flavor-mix/dp/1364926,0,0,0,1
1365038,https://www.chewy.com/good-boy-variety-pack-puree-dog-food/dp/1365038,0,0,0,1
136523,https://www.chewy.com/royal-canin-veterinary-diet-adult/dp/136523,0,0,0,1
136777,https://www.chewy.com/nutro-limited-ingredient-diet/dp/136777,0,0,0,1
136781,https://www.chewy.com/nutro-limited-ingredient-diet/dp/136781,0,0,0,1
136784,https://www.chewy.com/nutro-limited-ingredient-diet/dp/136784,0,0,0,1
136791,https://www.chewy.com/nutro-limited-ingredient-diet/dp/136791,0,0,0,1
136825,https://www.chewy.com/hills-science-diet-adult-7-senior/dp/136825,0,0,0,1
136827,https://www.chewy.com/hills-science-diet-adult-7-small-mini/dp/136827,0,0,0,1
136836,https://www.chewy.com/hills-science-diet-adult-7-senior/dp/136836,0,0,0,1
136868,https://www.chewy.com/hills-science-diet-adult-7-senior/dp/136868,0,0,0,1
136960,https://www.chewy.com/purina-pro-plan-veterinary-diets-en/dp/136960,0,0,0,1
137069,https://www.chewy.com/evangers-grain-free-quail-canned-dog/dp/137069,0,0,0,1
1373662,https://www.chewy.com/health-extension-salmon-recipe-non/dp/1373662,0,0,0,1
1375574,https://www.chewy.com/nulo-challenger-puppy-adult-northern/dp/1375574,0,0,0,1
1375606,https://www.chewy.com/nulo-challenger-puppy-adult-small/dp/1375606,0,0,0,1
1375646,https://www.chewy.com/nulo-challenger-large-breed-puppy/dp/1375646,0,0,0,1
137565,https://www.chewy.com/kasiks-cage-free-chicken-formula/dp/137565,0,0,0,1
137567,https://www.chewy.com/kasiks-cage-free-turkey-formula-grain/dp/137567,0,0,0,1
137569,https://www.chewy.com/kasiks-wild-coho-salmon-formula-grain/dp/137569,0,0,0,1
1375702,https://www.chewy.com/nulo-challenger-puppy-adult-gamebird/dp/1375702,0,0,0,1
1375734,https://www.chewy.com/nulo-challenger-puppy-adult-alpine/dp/1375734,0,0,0,1
1379462,https://www.chewy.com/chewy-lamb-brown-rice-recipe/dp/1379462,0,0,0,1
1379526,https://www.chewy.com/chewy-healthy-weight-formula/dp/1379526,0,0,0,1
138395,https://www.chewy.com/honest-kitchen-limited-ingredient/dp/138395,0,0,0,1
138398,https://www.chewy.com/honest-kitchen-limited-ingredient/dp/138398,0,0,0,1
1384358,https://www.chewy.com/freshpet-complete-nutrition-chicken/dp/1384358,0,0,0,1
1384406,https://www.chewy.com/pets-table-freshly-made-grain-free/dp/1384406,0,0,0,1
1384422,https://www.chewy.com/pets-table-freshly-made-beef-stew/dp/1384422,0,0,0,1
1384462,https://www.chewy.com/pets-table-freshly-made-turkey/dp/1384462,0,0,0,1
1384486,https://www.chewy.com/pets-table-freshly-made-chicken/dp/1384486,0,0,0,1
1391886,https://www.chewy.com/wholesomes-large-breed-puppy-dry-dog/dp/1391886,0,0,0,1
1392750,https://www.chewy.com/weruva-dogs-in-kitchen-chicken-turkey/dp/1392750,0,0,0,1
1392910,https://www.chewy.com/royal-canin-veterinary-diet/dp/1392910,0,0,0,1
1393702,https://www.chewy.com/freshpet-homestyle-creations-fresh/dp/1393702,0,0,0,1
1393718,https://www.chewy.com/freshpet-homestyle-creations-fresh/dp/1393718,0,0,0,1
1394590,https://www.chewy.com/addiction-premium-wild-islands-forest/dp/1394590,0,0,0,1
1394598,https://www.chewy.com/addiction-premium-wild-islands/dp/1394598,0,0,0,1
1394606,https://www.chewy.com/addiction-premium-wild-islands-island/dp/1394606,0,0,0,1
1394614,https://www.chewy.com/wishbone-roost-new-zealand-whole-dog/dp/1394614,0,0,0,1
1394630,https://www.chewy.com/wishbone-graze-new-zealand-whole-dog/dp/1394630,0,0,0,1
1394646,https://www.chewy.com/addiction-premium-wild-islands/dp/1394646,0,0,0,1
1394942,https://www.chewy.com/dr-garys-best-breed-beef-recipe-high/dp/1394942,0,0,0,1
1394958,https://www.chewy.com/dr-garys-best-breed-beef-recipe-high/dp/1394958,0,1,1,1
1395814,https://www.chewy.com/firstmate-new-zealand-beef-limited/dp/1395814,0,0,1,1
1395854,https://www.chewy.com/firstmate-new-zealand-beef-meal-oats/dp/1395854,0,0,1,1
1398910,https://www.chewy.com/natural-balance-health-protection/dp/1398910,0,0,0,1
1398942,https://www.chewy.com/natural-balance-health-protection/dp/1398942,0,0,0,1
1398958,https://www.chewy.com/natural-balance-health-protection/dp/1398958,0,0,0,1
1401438,https://www.chewy.com/justfoodfordogs-justfresh-home-cooked/dp/1401438,0,0,0,1
1401446,https://www.chewy.com/justfoodfordogs-justfresh-home-cooked/dp/1401446,0,0,0,1
140566,https://www.chewy.com/zignature-venison-limited-ingredient/dp/140566,0,0,0,1
140568,https://www.chewy.com/zignature-pork-limited-ingredient/dp/140568,0,0,0,1
140702,https://www.chewy.com/ziwi-peak-beef-recipe-canned-dog-food/dp/140702,0,0,0,1
140753,https://www.chewy.com/hills-prescription-diet-dd-skinfood/dp/140753,0,0,0,1
140754,https://www.chewy.com/hills-prescription-diet-dd-skinfood/dp/140754,0,0,0,1
140755,https://www.chewy.com/hills-prescription-diet-dd-skinfood/dp/140755,0,0,0,1
141395,https://www.chewy.com/zignature-catfish-limited-ingredient/dp/141395,0,0,0,1
141399,https://www.chewy.com/zignature-pork-limited-ingredient/dp/141399,0,0,0,1
141444,https://www.chewy.com/hills-science-diet-adult-small-bites/dp/141444,0,0,0,1
141445,https://www.chewy.com/hills-science-diet-adult-chicken/dp/141445,0,0,0,1
141446,https://www.chewy.com/hills-science-diet-adult-large-breed/dp/141446,0,0,0,1
141576,https://www.chewy.com/pedigree-choice-cuts-puppy-morsels-in/dp/141576,0,0,0,1
141607,https://www.chewy.com/pedigree-chopped-ground-dinner-filet/dp/141607,0,0,0,1
141790,https://www.chewy.com/wellness-core-rawrev-grain-free/dp/141790,0,0,0,1
141791,https://www.chewy.com/wellness-core-rawrev-grain-free-wild/dp/141791,0,0,0,1
141865,https://www.chewy.com/ziwi-peak-tripe-lamb-grain-free-air/dp/141865,0,0,0,1
141866,https://www.chewy.com/ziwi-peak-mackerel-lamb-grain-free/dp/141866,0,0,0,1
141875,https://www.chewy.com/primal-rabbit-formula-nuggets-grain/dp/141875,0,0,0,1
141887,https://www.chewy.com/ziwi-peak-lamb-recipe-canned-dog-food/dp/141887,0,0,0,1
141893,https://www.chewy.com/ziwi-peak-mackerel-lamb-recipe-canned/dp/141893,0,0,0,1
142304,https://www.chewy.com/hound-gatos-98-beef-grain-free-canned/dp/142304,0,0,0,1
142305,https://www.chewy.com/hound-gatos-98-chicken-liver-grain/dp/142305,0,0,0,1
142322,https://www.chewy.com/hound-gatos-98-lamb-liver-grain-free/dp/142322,0,0,0,1
142551,https://www.chewy.com/tender-true-organic-grain-free/dp/142551,0,0,0,1
142557,https://www.chewy.com/tender-true-organic-grain-free-turkey/dp/142557,0,0,0,1
142576,https://www.chewy.com/tender-true-chicken-brown-rice-recipe/dp/142576,0,0,0,1
142582,https://www.chewy.com/tender-true-turkey-brown-rice-recipe/dp/142582,0,0,0,1
142645,https://www.chewy.com/lotus-oven-baked-grain-free-lamb/dp/142645,0,0,0,1
1426662,https://www.chewy.com/daves-pet-food-weight-management/dp/1426662,0,0,0,1
1426670,https://www.chewy.com/daves-pet-food-skin-coat-support/dp/1426670,0,0,0,1
1443766,https://www.chewy.com/american-natural-premium-market-fresh/dp/1443766,0,0,0,1
144960,https://www.chewy.com/merrick-backcountry-grain-free-wet/dp/144960,0,0,0,1
144965,https://www.chewy.com/merrick-lil-plates-grain-free-small/dp/144965,0,0,0,1
144966,https://www.chewy.com/merrick-lil-plates-grain-free-small/dp/144966,0,0,0,1
145261,https://www.chewy.com/artemis-fresh-mix-mediumlarge-all/dp/145261,0,0,0,1
145267,https://www.chewy.com/artemis-fresh-mix-weight-management/dp/145267,0,0,0,1
1457430,https://www.chewy.com/blackwood-meal-toppers-cod-salmon/dp/1457430,0,0,1,1
1457454,https://www.chewy.com/blackwood-meal-toppers-beef-sweet/dp/1457454,0,0,1,1
1457462,https://www.chewy.com/blackwood-meal-toppers-chicken-recipe/dp/1457462,0,0,1,1
1458014,https://www.chewy.com/huntaway-venison-grain-free-freeze/dp/1458014,0,0,0,0
1458670,https://www.chewy.com/health-extension-gently-cooked-duck/dp/1458670,0,0,0,1
1458814,https://www.chewy.com/natural-balance-limited-ingredient/dp/1458814,0,0,0,1
1460926,https://www.chewy.com/canidae-all-life-stages-variety-pack/dp/1460926,0,0,0,1
146241,https://www.chewy.com/instinct-original-grain-free-recipe/dp/146241,0,0,0,1
146244,https://www.chewy.com/instinct-original-grain-free-recipe/dp/146244,0,0,0,1
146249,https://www.chewy.com/instinct-original-grain-free-recipe/dp/146249,0,0,0,1
146251,https://www.chewy.com/instinct-original-grain-free-recipe/dp/146251,0,0,0,1
146259,https://www.chewy.com/instinct-raw-boost-grain-free-recipe/dp/146259,0,0,0,1
146292,https://www.chewy.com/instinct-limited-ingredient-diet/dp/146292,0,0,0,1
146639,https://www.chewy.com/wholesomes-grain-free-beef-meal/dp/146639,0,0,0,1
146641,https://www.chewy.com/wholesomes-chicken-meal-potatoes/dp/146641,0,0,0,1
1469118,https://www.chewy.com/first-light-farms-wagyu-beef-100/dp/1469118,0,1,0,1
1470534,https://www.chewy.com/grandma-lucys-3-bears-beef-freeze/dp/1470534,0,0,0,1
1470566,https://www.chewy.com/grandma-lucys-3-bears-chicken-freeze/dp/1470566,0,0,0,1
1470598,https://www.chewy.com/grandma-lucys-3-bears-fish-freeze/dp/1470598,0,0,0,1
1479054,https://www.chewy.com/purina-pro-plan-7-plus-senior-chicken/dp/1479054,0,0,0,1
147992,https://www.chewy.com/wellness-core-95-grain-free-chicken/dp/147992,0,0,0,1
147994,https://www.chewy.com/wellness-core-95-grain-free-turkey/dp/147994,0,0,0,1
147996,https://www.chewy.com/wellness-core-95-grain-free-beef/dp/147996,0,0,0,1
148003,https://www.chewy.com/instinct-original-grain-free-real/dp/148003,0,0,0,1
148007,https://www.chewy.com/instinct-limited-ingredient-diet/dp/148007,0,0,0,1
1482806,https://www.chewy.com/justfoodfordogs-justfresh-home-cooked/dp/1482806,0,0,0,0
148393,https://www.chewy.com/american-journey-protein-grains-large/dp/148393,0,0,0,1
148677,https://www.chewy.com/caru-daily-dish-beef-stew-grain-free/dp/148677,0,0,0,1
148700,https://www.chewy.com/caru-daily-dish-beef-chicken-stew/dp/148700,0,0,0,1
148718,https://www.chewy.com/caru-daily-dish-chicken-stew-grain/dp/148718,0,0,0,1
148737,https://www.chewy.com/caru-daily-dish-turkey-lamb-stew/dp/148737,0,0,0,1
1487462,https://www.chewy.com/purina-pro-plan-adult-7-plus-weight/dp/1487462,0,0,0,1
149200,https://www.chewy.com/inukshuk-professional-dry-dog-food/dp/149200,0,0,0,1
149202,https://www.chewy.com/inukshuk-professional-dry-dog-food/dp/149202,0,0,0,1
149204,https://www.chewy.com/inukshuk-professional-dry-dog-food/dp/149204,0,0,0,1
149268,https://www.chewy.com/hills-prescription-diet-kd-kidney/dp/149268,0,0,0,1
149275,https://www.chewy.com/hills-prescription-diet-kd-mobility/dp/149275,0,0,0,1
149463,https://www.chewy.com/rachael-ray-nutrish-real-beef-pea/dp/149463,0,0,0,1
149468,https://www.chewy.com/instinct-limited-ingredient-diet/dp/149468,0,0,0,1
149483,https://www.chewy.com/instinct-healthy-cravings-grain-free/dp/149483,0,0,0,1
149485,https://www.chewy.com/instinct-healthy-cravings-grain-free/dp/149485,0,0,0,1
149519,https://www.chewy.com/instinct-raw-boost-mixers-lamb-recipe/dp/149519,0,0,0,1
1499670,https://www.chewy.com/kismet-salmon-brown-rice-recipe/dp/1499670,0,0,0,1
1499694,https://www.chewy.com/kismet-chicken-barley-recipe-freeze/dp/1499694,0,0,0,1
1505694,https://www.chewy.com/iams-proactive-health-beef-rice/dp/1505694,0,0,0,1
150936,https://www.chewy.com/daves-pet-food-grain-free-beef/dp/150936,0,0,0,1
150947,https://www.chewy.com/daves-pet-food-grain-free-chicken/dp/150947,0,0,0,1
150959,https://www.chewy.com/daves-pet-food-grain-free-turkey/dp/150959,0,0,0,1
150969,https://www.chewy.com/daves-pet-food-restricted-bland-diet/dp/150969,0,0,0,1
152919,https://www.chewy.com/american-journey-protein-grains-large/dp/152919,0,0,0,1
153458,https://www.chewy.com/purina-one-true-instinct-natural-high/dp/153458,0,0,0,1
153459,https://www.chewy.com/purina-one-natural-smartblend-lamb/dp/153459,0,0,0,1
153770,https://www.chewy.com/crave-high-protein-white-fish-salmon/dp/153770,0,0,0,1
153775,https://www.chewy.com/crave-high-protein-lamb-adult-grain/dp/153775,0,0,0,1
1540846,https://www.chewy.com/ziwi-peak-beef-grain-free-air-dried/dp/1540846,0,0,0,0
1540878,https://www.chewy.com/ziwi-peak-beef-grain-free-air-dried/dp/1540878,0,0,0,0
1540910,https://www.chewy.com/ziwi-peak-lamb-grain-free-air-dried/dp/1540910,0,0,0,0
1540942,https://www.chewy.com/ziwi-peak-mackerel-lamb-grain-free/dp/1540942,0,0,0,0
154567,https://www.chewy.com/health-extension-large-bites-chicken/dp/154567,0,0,0,1
1549782,https://www.chewy.com/shepherd-boy-farms-bison-recipe/dp/1549782,0,0,0,1
1549798,https://www.chewy.com/shepherd-boy-farms-rabbit-recipe/dp/1549798,0,0,0,1
1549830,https://www.chewy.com/shepherd-boy-farms-fish-medley-recipe/dp/1549830,0,0,0,1
1549870,https://www.chewy.com/shepherd-boy-farms-alligator-recipe/dp/1549870,0,0,0,1
1549878,https://www.chewy.com/shepherd-boy-farms-venison-recipe/dp/1549878,0,0,0,1
1554094,https://www.chewy.com/maev-beef-formula-supplemented/dp/1554094,0,0,0,1
1554102,https://www.chewy.com/maev-beef-formula-supplemented-skin/dp/1554102,0,0,0,1
1554110,https://www.chewy.com/maev-beef-formula-supplemented-hip/dp/1554110,0,0,0,1
1554118,https://www.chewy.com/maev-chicken-formula-supplemented/dp/1554118,0,0,0,1
1554126,https://www.chewy.com/maev-beef-formula-supplemented-weight/dp/1554126,0,0,0,1
1554142,https://www.chewy.com/maev-chicken-formula-supplemented/dp/1554142,0,0,0,1
1554158,https://www.chewy.com/maev-chicken-formula-supplemented-hip/dp/1554158,0,0,0,1
1554174,https://www.chewy.com/maev-chicken-formula-supplemented/dp/1554174,0,0,0,1
1555774,https://www.chewy.com/rachael-ray-nutrish-whole-health-real/dp/1555774,0,0,0,1
1555798,https://www.chewy.com/rachael-ray-nutrish-whole-health-real/dp/1555798,0,0,0,1
1557326,https://www.chewy.com/charmy-beef-duck-boost-goji-berry/dp/1557326,0,0,0,1
1557398,https://www.chewy.com/charmy-salmon-duck-boost-ginseng/dp/1557398,0,0,0,1
157479,https://www.chewy.com/against-grain-nothingelsebeef-grain/dp/157479,0,0,0,1
157484,https://www.chewy.com/against-grain-nothingelseduck-canned/dp/157484,0,0,0,1
1578134,https://www.chewy.com/natures-hug-puppy-nutrients-growth/dp/1578134,0,0,0,1
1578214,https://www.chewy.com/natures-hug-adult-overall-health/dp/1578214,0,0,0,1
1578262,https://www.chewy.com/natures-hug-senior-supports-vitality/dp/1578262,0,0,0,1
158165,https://www.chewy.com/lotus-chicken-loaf-grain-free-canned/dp/158165,0,0,0,1
158169,https://www.chewy.com/lotus-pork-loaf-grain-free-canned-dog/dp/158169,0,0,0,1
158171,https://www.chewy.com/lotus-sardine-loaf-grain-free-canned/dp/158171,0,0,0,1
158173,https://www.chewy.com/lotus-duck-loaf-grain-free-canned-dog/dp/158173,0,0,0,1
158175,https://www.chewy.com/lotus-salmon-loaf-grain-free-canned/dp/158175,0,0,0,1
158177,https://www.chewy.com/lotus-rabbit-loaf-grain-free-canned/dp/158177,0,0,0,1
158929,https://www.chewy.com/purina-pro-plan-sport-performance-all/dp/158929,0,0,0,1
1590270,https://www.chewy.com/royal-canin-size-health-nutrition/dp/1590270,0,0,0,1
1590286,https://www.chewy.com/royal-canin-size-health-nutrition/dp/1590286,0,0,0,1
1597358,https://www.chewy.com/instinct-rawboost-whole-grain-real-19/dp/1597358,0,0,0,1
1597374,https://www.chewy.com/instinct-raw-boost-puppy-whole-grain/dp/1597374,0,0,0,1
1597702,https://www.chewy.com/huntaway-wild-venison-jerky-dog/dp/1597702,0,0,0,0
1600078,https://www.chewy.com/royal-canin-size-health-nutrition/dp/1600078,0,0,0,1
160072,https://www.chewy.com/black-gold-explorer-chicken-meal/dp/160072,0,0,0,1
160079,https://www.chewy.com/black-gold-explorer-beef-meal-barley/dp/160079,0,0,0,1
160093,https://www.chewy.com/black-gold-explorer-mature-7-formula/dp/160093,0,0,0,1
160115,https://www.chewy.com/black-gold-explorer-original/dp/160115,0,0,0,1
1603566,https://www.chewy.com/stewart-raw-naturals-chicken-salmon/dp/1603566,0,0,0,1
160482,https://www.chewy.com/petkind-tripe-dry-grain-free-venison/dp/160482,0,0,0,1
1605574,https://www.chewy.com/redbarn-grain-free-beef-lamb-gut/dp/1605574,0,0,0,1
1605606,https://www.chewy.com/redbarn-grain-free-chicken-puppy/dp/1605606,0,0,0,1
1605734,https://www.chewy.com/redbarn-grain-free-land-recipe-dry/dp/1605734,0,0,0,1
1605798,https://www.chewy.com/redbarn-grain-free-large-breed-recipe/dp/1605798,0,0,0,1
1605830,https://www.chewy.com/redbarn-grain-free-ocean-recipe-dry/dp/1605830,0,0,0,1
1605870,https://www.chewy.com/redbarn-variety-pack-grain-free-wet/dp/1605870,0,0,0,1
1605886,https://www.chewy.com/redbarn-grain-free-puppy-recipe-dry/dp/1605886,0,0,0,1
1605910,https://www.chewy.com/redbarn-grain-free-sky-recipe-dry-dog/dp/1605910,0,0,0,1
1605942,https://www.chewy.com/redbarn-whole-grain-large-breed/dp/1605942,0,0,0,1
1605958,https://www.chewy.com/redbarn-whole-grain-land-recipe-dry/dp/1605958,0,0,0,1
1605982,https://www.chewy.com/redbarn-whole-grain-puppy-recipe-dry/dp/1605982,0,0,0,1
1606006,https://www.chewy.com/redbarn-whole-grain-ocean-recipe-dry/dp/1606006,0,0,0,1
1606030,https://www.chewy.com/redbarn-whole-grain-sky-recipe-dry/dp/1606030,0,0,0,1
160764,https://www.chewy.com/artemis-osopure-grain-free-beef-in/dp/160764,0,0,0,1
160770,https://www.chewy.com/artemis-osopure-grain-free-lamb-in/dp/160770,0,0,0,1
161367,https://www.chewy.com/holistic-select-adult-health-duck/dp/161367,0,0,0,1
1616278,https://www.chewy.com/boss-dog-beef-recipe-freeze-dried-dog/dp/1616278,0,0,1,1
1616286,https://www.chewy.com/boss-dog-chicken-recipe-freeze-dried/dp/1616286,0,0,1,1
1616566,https://www.chewy.com/instinct-raw-boost-whole-grain-real/dp/1616566,0,0,0,1
1616590,https://www.chewy.com/instinct-raw-boost-whole-grain-light/dp/1616590,0,0,0,1
1616622,https://www.chewy.com/instinct-raw-boost-whole-grain-gut/dp/1616622,0,0,0,1
1616870,https://www.chewy.com/naavi-slow-roasted-beef-bowl-dry-dog/dp/1616870,0,0,0,1
1616918,https://www.chewy.com/naavi-slow-roasted-chicken-bowl-dry/dp/1616918,0,0,0,1
161799,https://www.chewy.com/gather-free-acres-organic-free-run/dp/161799,0,0,0,1
161810,https://www.chewy.com/gather-endless-valley-vegan-dry-dog/dp/161810,0,0,0,1
162393,https://www.chewy.com/earthborn-holistic-k95-chicken-recipe/dp/162393,0,0,0,1
162397,https://www.chewy.com/earthborn-holistic-k95-lamb-recipe/dp/162397,0,0,0,1
162399,https://www.chewy.com/earthborn-holistic-k95-duck-recipe/dp/162399,0,0,0,1
162401,https://www.chewy.com/earthborn-holistic-k95-turkey-recipe/dp/162401,0,0,0,1
162403,https://www.chewy.com/earthborn-holistic-k95-beef-recipe/dp/162403,0,0,0,1
162456,https://www.chewy.com/horizon-pulsar-grain-free-lamb-recipe/dp/162456,0,0,0,1
162459,https://www.chewy.com/horizon-pulsar-grain-free-pork-recipe/dp/162459,0,0,0,1
162830,https://www.chewy.com/dr-tims-heirloom-ancient-grains-fish/dp/162830,0,0,0,1
1632310,https://www.chewy.com/animals-like-us-rawmix50-cage-free/dp/1632310,0,0,0,1
1632422,https://www.chewy.com/animals-like-us-rawmix50-grass-fed/dp/1632422,0,0,0,1
1632454,https://www.chewy.com/animals-like-us-rawmix50-grass-fed/dp/1632454,0,0,0,1
1633158,https://www.chewy.com/rachel-ray-nutrish-everyday-immune/dp/1633158,0,0,0,1
1635526,https://www.chewy.com/boat-to-bowl-pet-food-salmon-pate-dog/dp/1635526,0,0,0,1
1635542,https://www.chewy.com/boat-to-bowl-pet-food-cod-trout-pate/dp/1635542,0,0,0,1
164409,https://www.chewy.com/canada-fresh-duck-canned-dog-food-13/dp/164409,0,0,0,1
164412,https://www.chewy.com/canada-fresh-lamb-canned-dog-food-13/dp/164412,0,0,0,1
164415,https://www.chewy.com/canada-fresh-beef-canned-dog-food-13/dp/164415,0,0,0,1
164418,https://www.chewy.com/canada-fresh-red-meat-canned-dog-food/dp/164418,0,0,0,1
164421,https://www.chewy.com/canada-fresh-salmon-canned-dog-food/dp/164421,0,0,0,1
165325,https://www.chewy.com/hound-gatos-98-turkey-liver-grain/dp/165325,0,0,0,1
165327,https://www.chewy.com/hound-gatos-98-gamebird-poultry-grain/dp/165327,0,0,0,1
165452,https://www.chewy.com/nutro-grain-free-beef-chicken-turkey/dp/165452,0,0,0,1
1658038,https://www.chewy.com/get-joy-fresh-chicken-gluten-free/dp/1658038,0,0,0,1
1659102,https://www.chewy.com/wellness-complete-health-sensitive/dp/1659102,0,0,0,1
165924,https://www.chewy.com/canidae-grain-free-pure-limited/dp/165924,0,0,0,1
165929,https://www.chewy.com/canidae-under-sun-grain-free-lamb/dp/165929,0,0,0,1
165930,https://www.chewy.com/canidae-under-sun-grain-free-chicken/dp/165930,0,0,0,1
165935,https://www.chewy.com/royal-canin-breed-health-nutrition/dp/165935,0,0,0,1
165944,https://www.chewy.com/royal-canin-breed-health-nutrition/dp/165944,0,0,0,1
165947,https://www.chewy.com/royal-canin-breed-health-nutrition/dp/165947,0,0,0,1
165950,https://www.chewy.com/royal-canin-breed-health-nutrition/dp/165950,0,0,0,1
165955,https://www.chewy.com/royal-canin-breed-health-nutrition/dp/165955,0,0,0,1
165957,https://www.chewy.com/royal-canin-breed-health-nutrition/dp/165957,0,0,0,1
165959,https://www.chewy.com/royal-canin-breed-health-nutrition/dp/165959,0,0,0,1
165961,https://www.chewy.com/royal-canin-breed-health-nutrition/dp/165961,0,0,0,1
165963,https://www.chewy.com/royal-canin-breed-health-nutrition/dp/165963,0,0,0,1
165965,https://www.chewy.com/royal-canin-breed-health-nutrition/dp/165965,0,0,0,1
165967,https://www.chewy.com/royal-canin-breed-health-nutrition/dp/165967,0,0,0,1
1659822,https://www.chewy.com/justfoodfordogs-justfresh-human-grade/dp/1659822,0,0,0,1
1659830,https://www.chewy.com/justfoodfordogs-justfresh-human-grade/dp/1659830,0,0,0,1
1659862,https://www.chewy.com/natural-balance-specialized-nutrition/dp/1659862,0,0,0,1
1659886,https://www.chewy.com/natural-balance-specialized-nutrition/dp/1659886,0,0,0,1
1659910,https://www.chewy.com/natural-balance-specialized-nutrition/dp/1659910,0,0,0,1
1659926,https://www.chewy.com/natural-balance-specialized-nutrition/dp/1659926,0,0,0,1
1659950,https://www.chewy.com/natural-balance-specialized-nutrition/dp/1659950,0,0,0,1
1659966,https://www.chewy.com/natural-balance-specialized-nutrition/dp/1659966,0,0,0,1
1659990,https://www.chewy.com/natural-balance-specialized-nutrition/dp/1659990,0,0,0,1
1660214,https://www.chewy.com/blue-buffalo-tender-shreds-salmon/dp/1660214,0,0,0,1
1660430,https://www.chewy.com/canidae-all-life-stages-salmon-recipe/dp/1660430,0,0,0,1
1660454,https://www.chewy.com/canidae-all-life-stages-multi-protein/dp/1660454,0,0,0,1
1661406,https://www.chewy.com/bil-jac-picky-no-more-chicken-chicken/dp/1661406,0,0,0,1
1661438,https://www.chewy.com/bil-jac-picky-no-more-chicken-liver/dp/1661438,0,0,0,1
166153,https://www.chewy.com/sojos-complete-turkey-recipe-adult/dp/166153,0,0,0,1
166155,https://www.chewy.com/sojos-complete-beef-recipe-adult/dp/166155,0,1,0,1
166157,https://www.chewy.com/sojos-complete-lamb-recipe-adult/dp/166157,0,1,0,1
166162,https://www.chewy.com/sojos-complete-turkey-salmon-recipe/dp/166162,0,1,0,1
1670214,https://www.chewy.com/merrick-backcountry-bone-broth-coated/dp/1670214,0,0,0,1
1670238,https://www.chewy.com/badlands-ranch-superfood-complete/dp/1670238,0,0,0,1
167054,https://www.chewy.com/petkind-tripe-dry-grain-free-red-meat/dp/167054,0,0,0,1
1672318,https://www.chewy.com/zignature-whitefish-limited/dp/1672318,0,0,0,0
1672358,https://www.chewy.com/zignature-venison-limited-ingredient/dp/1672358,0,0,0,0
1672398,https://www.chewy.com/zignature-pork-limited-ingredient/dp/1672398,0,0,0,0
167398,https://www.chewy.com/purina-one-natural-true-instinct-high/dp/167398,0,0,0,1
167435,https://www.chewy.com/royal-canin-canine-care-nutrition/dp/167435,0,0,0,1
167437,https://www.chewy.com/royal-canin-canine-care-nutrition/dp/167437,0,0,0,1
167598,https://www.chewy.com/zignature-goat-limited-ingredient/dp/167598,0,0,0,1
167606,https://www.chewy.com/dr-tims-weight-management-metabolite/dp/167606,0,0,0,1
167609,https://www.chewy.com/dr-tims-all-life-stages-kinesis/dp/167609,0,0,0,1
167610,https://www.chewy.com/dr-tims-active-dog-pursuit-formula/dp/167610,0,0,0,1
167965,https://www.chewy.com/hills-prescription-diet-id-digestive/dp/167965,0,0,0,1
168120,https://www.chewy.com/stella-chewys-dandy-lamb-dinner/dp/168120,0,0,0,1
1683974,https://www.chewy.com/blue-buffalo-wilderness-puppy-high/dp/1683974,0,0,0,1
1683990,https://www.chewy.com/blue-buffalo-wilderness-puppy-high/dp/1683990,0,0,0,1
1684030,https://www.chewy.com/blue-buffalo-wilderness-senior-high/dp/1684030,0,0,0,1
1685878,https://www.chewy.com/blue-buffalo-life-protection-formula/dp/1685878,0,0,0,1
168812,https://www.chewy.com/bil-jac-picky-no-more-medium-large/dp/168812,0,0,0,1
168822,https://www.chewy.com/bil-jac-adult-select-chicken-recipe/dp/168822,0,0,0,1
168826,https://www.chewy.com/bil-jac-puppy-select-chicken-recipe/dp/168826,0,0,0,1
168828,https://www.chewy.com/bil-jac-reduced-fat-chicken-recipe/dp/168828,0,0,0,1
168834,https://www.chewy.com/bil-jac-senior-select-chicken-oatmeal/dp/168834,0,0,0,1
168837,https://www.chewy.com/bil-jac-large-breed-adult-chicken/dp/168837,0,0,0,1
168840,https://www.chewy.com/bil-jac-large-breed-puppy-chicken/dp/168840,0,0,0,1
168844,https://www.chewy.com/bil-jac-sensitive-solutions-chicken/dp/168844,0,0,0,1
169157,https://www.chewy.com/i-love-you-lovingly-simple-limited/dp/169157,0,0,0,1
169185,https://www.chewy.com/natures-recipe-grain-free-lamb-sweet/dp/169185,0,0,0,1
169221,https://www.chewy.com/weruva-barons-batch-variety-pack/dp/169221,0,0,0,1
169224,https://www.chewy.com/weruva-chicken-free-just-4-me-variety/dp/169224,0,0,0,1
169236,https://www.chewy.com/weruva-dogs-in-kitchen-doggie-dinner/dp/169236,0,0,0,1
169238,https://www.chewy.com/weruva-dogs-in-kitchen-pooch-pouch/dp/169238,0,0,0,1
169449,https://www.chewy.com/purina-pro-plan-small-breed-adult/dp/169449,0,0,0,1
170031,https://www.chewy.com/instinct-raw-boost-small-breed-grain/dp/170031,0,0,0,1
170037,https://www.chewy.com/instinct-be-natural-real-chicken/dp/170037,0,0,0,1
170040,https://www.chewy.com/instinct-be-natural-real-beef-barley/dp/170040,0,0,0,1
170044,https://www.chewy.com/instinct-be-natural-real-lamb-oatmeal/dp/170044,0,0,0,1
1701070,https://www.chewy.com/redbarn-grain-free-beef-vegetable/dp/1701070,0,0,0,1
1701078,https://www.chewy.com/redbarn-grain-free-lamb-vegetable/dp/1701078,0,0,0,1
170112,https://www.chewy.com/diamond-naturals-skin-coat-formula/dp/170112,0,0,0,1
170114,https://www.chewy.com/diamond-hi-energy-sporting-dog/dp/170114,0,0,0,1
170117,https://www.chewy.com/diamond-care-rx-renal-formula-adult/dp/170117,0,0,0,1
170120,https://www.chewy.com/diamond-care-sensitive-skin-formula/dp/170120,0,0,0,1
170123,https://www.chewy.com/diamond-care-sensitive-stomach/dp/170123,0,0,0,1
170126,https://www.chewy.com/diamond-care-weight-management/dp/170126,0,0,0,1
170134,https://www.chewy.com/purina-one-natural-smartblend-chicken/dp/170134,0,0,0,1
170135,https://www.chewy.com/purina-one-plus-adult-high-protein/dp/170135,0,0,0,1
170136,https://www.chewy.com/purina-one-natural-large-breed-plus/dp/170136,0,0,0,1
1701526,https://www.chewy.com/vital-essentials-freeze-dried-raw/dp/1701526,0,0,0,1
1702006,https://www.chewy.com/babin-signature-adult-grain-free-duck/dp/1702006,0,0,0,1
1702022,https://www.chewy.com/babin-signature-maxi-adult-grain-free/dp/1702022,0,0,0,1
1702046,https://www.chewy.com/babin-signature-medium-adult-chicken/dp/1702046,0,0,0,1
170867,https://www.chewy.com/instinct-frozen-raw-patties-grain/dp/170867,0,0,0,1
170886,https://www.chewy.com/instinct-frozen-raw-bites-grain-free/dp/170886,0,0,0,1
170889,https://www.chewy.com/instinct-frozen-raw-patties-grain/dp/170889,0,0,0,1
1709078,https://www.chewy.com/jinx-homemades-chicken-salmon-pate/dp/1709078,0,0,0,1
1709518,https://www.chewy.com/farmina-nd-pumpkin-canine-puppy-lamb/dp/1709518,0,0,0,1
1709526,https://www.chewy.com/farmina-nd-pumpkin-canine-adult-lamb/dp/1709526,0,0,0,1
1709542,https://www.chewy.com/farmina-nd-pumpkin-canine-adult/dp/1709542,0,0,0,1
1709558,https://www.chewy.com/farmina-nd-ocean-canine-adult-cod/dp/1709558,0,0,0,1
1709574,https://www.chewy.com/farmina-nd-pupmkin-canine-adult-boar/dp/1709574,0,0,0,1
1709590,https://www.chewy.com/farmina-nd-quinoa-canine-adult/dp/1709590,0,0,0,1
1709606,https://www.chewy.com/farmina-nd-quinoa-canine-adult-skin/dp/1709606,0,0,0,1
1709622,https://www.chewy.com/farmina-nd-quinoa-canine-adult-weight/dp/1709622,0,0,0,1
1709638,https://www.chewy.com/farmina-nd-quinoa-canine-adult-skin/dp/1709638,0,0,0,1
1709654,https://www.chewy.com/farmina-nd-quinoa-canine-adult-skin/dp/1709654,0,0,0,1
1709678,https://www.chewy.com/farmina-nd-quinoa-canine-adult-skin/dp/1709678,0,0,0,1
1712638,https://www.chewy.com/instinct-be-natural-adult-real-salmon/dp/1712638,0,0,0,1
1713478,https://www.chewy.com/zeal-new-zealand-beef-recipe-high/dp/1713478,0,0,0,1
1713542,https://www.chewy.com/zeal-new-zealand-lamb-recipe-high/dp/1713542,0,0,0,1
1714710,https://www.chewy.com/hills-prescription-diet-multi-organ/dp/1714710,0,0,0,1
1714726,https://www.chewy.com/hills-prescription-diet-multi-organ/dp/1714726,0,0,0,1
1714758,https://www.chewy.com/hills-prescription-diet-brain-care-jd/dp/1714758,0,0,0,1
1714774,https://www.chewy.com/hills-prescription-diet-brain-care-jd/dp/1714774,0,0,0,1
171547,https://www.chewy.com/nulo-freestyle-chicken-salmon-lentils/dp/171547,0,0,0,1
1715566,https://www.chewy.com/badlands-ranch-superfood-complete-raw/dp/1715566,0,0,0,1
171557,https://www.chewy.com/nulo-freestyle-turkey-cod-sweet/dp/171557,0,0,0,1
1715590,https://www.chewy.com/badlands-ranch-superfood-complete-raw/dp/1715590,0,0,0,1
1715614,https://www.chewy.com/badlands-ranch-superfood-complete-raw/dp/1715614,0,0,0,1
1715798,https://www.chewy.com/freshpet-homestyle-creations-fresh/dp/1715798,0,0,0,1
171600,https://www.chewy.com/merrick-grain-free-wet-dog-food/dp/171600,0,0,0,1
171601,https://www.chewy.com/merrick-grain-free-wet-dog-food/dp/171601,0,0,0,1
171603,https://www.chewy.com/merrick-grain-free-wet-puppy-food/dp/171603,0,0,0,1
171605,https://www.chewy.com/merrick-grain-free-wet-puppy-food/dp/171605,0,0,0,1
171606,https://www.chewy.com/merrick-grain-free-wet-dog-food/dp/171606,0,0,0,1
171608,https://www.chewy.com/merrick-grain-free-real-beef-lamb/dp/171608,0,0,0,1
171609,https://www.chewy.com/merrick-grain-free-wet-dog-food-real/dp/171609,0,0,0,1
171610,https://www.chewy.com/merrick-grain-free-real-duck-dinner/dp/171610,0,0,0,1
171611,https://www.chewy.com/merrick-grain-free-real-texas-beef/dp/171611,0,0,0,1
171613,https://www.chewy.com/merrick-grain-free-wet-dog-food/dp/171613,0,0,0,1
171615,https://www.chewy.com/merrick-grain-free-wet-dog-food/dp/171615,0,0,0,1
171913,https://www.chewy.com/k9-natural-chicken-feast-raw-grain/dp/171913,0,0,0,1
171986,https://www.chewy.com/caru-daily-dish-turkey-stew-grain/dp/171986,0,0,0,1
171988,https://www.chewy.com/caru-daily-dish-turkey-wild-salmon/dp/171988,0,0,0,1
171999,https://www.chewy.com/iams-proactive-health-minichunks/dp/171999,0,0,0,1
172069,https://www.chewy.com/tiki-dog-born-carnivore-savory-lamb/dp/172069,0,0,0,1
1720758,https://www.chewy.com/halo-holistic-plant-based-adult-vegan/dp/1720758,0,0,0,1
172182,https://www.chewy.com/blackwood-chicken-chicken-liver/dp/172182,0,0,0,1
172184,https://www.chewy.com/blackwood-chicken-salmon-pumpkin/dp/172184,0,0,0,1
1721990,https://www.chewy.com/healthy-dogma-homestyle-petmix-lamb/dp/1721990,0,0,0,1
172207,https://www.chewy.com/dr-tims-weight-management-metabolite/dp/172207,0,0,0,1
172308,https://www.chewy.com/wellness-core-rawrev-grain-free/dp/172308,0,0,0,1
172311,https://www.chewy.com/wellness-core-rawrev-grain-free-puppy/dp/172311,0,0,0,1
172326,https://www.chewy.com/wellness-core-grain-free-small-breed/dp/172326,0,0,0,1
172329,https://www.chewy.com/wellness-core-grain-free-small-breed/dp/172329,0,0,0,1
172369,https://www.chewy.com/wellness-core-grain-free-senior/dp/172369,0,0,0,1
172373,https://www.chewy.com/wellness-core-grain-free-lamb-recipe/dp/172373,0,0,0,1
172376,https://www.chewy.com/wellness-core-grain-free-large-breed/dp/172376,0,0,0,1
1724278,https://www.chewy.com/health-extension-gently-cooked-grain/dp/1724278,0,0,0,1
1724406,https://www.chewy.com/health-extension-gently-cooked-grain/dp/1724406,0,0,0,1
172727,https://www.chewy.com/merrick-lil-plates-grain-free-small/dp/172727,0,0,0,1
172730,https://www.chewy.com/merrick-lil-plates-grain-free-chicken/dp/172730,0,0,0,1
172731,https://www.chewy.com/merrick-lil-plates-grain-free-small/dp/172731,0,0,0,1
172733,https://www.chewy.com/merrick-lil-plates-grain-free-chicken/dp/172733,0,0,0,1
172879,https://www.chewy.com/i-love-you-naked-essentials-grain/dp/172879,0,0,0,1
1736070,https://www.chewy.com/health-extension-grain-free-savory/dp/1736070,0,0,0,1
1736102,https://www.chewy.com/health-extension-95-grain-free-beef/dp/1736102,0,0,0,1
1736694,https://www.chewy.com/jinx-grass-fed-lamb-sweet-potato/dp/1736694,0,0,0,1
1738470,https://www.chewy.com/little-hunter-raw-chicken-recipe/dp/1738470,0,0,0,1
1738478,https://www.chewy.com/little-hunter-raw-beef-recipe-grain/dp/1738478,0,0,0,1
1738486,https://www.chewy.com/little-hunter-raw-rabbit-recipe-grain/dp/1738486,0,0,0,1
1738510,https://www.chewy.com/little-hunter-lamb-recipe-grain-free/dp/1738510,0,0,0,1
1743782,https://www.chewy.com/pupford-good-dog-food-beef-recipe/dp/1743782,0,0,0,1
1743798,https://www.chewy.com/pupford-good-dog-food-lamb-salmon/dp/1743798,0,0,0,1
1743822,https://www.chewy.com/pupford-good-dog-food-chicken-recipe/dp/1743822,0,0,0,1
174502,https://www.chewy.com/blue-buffalo-natural-veterinary-diet/dp/174502,0,0,0,1
174505,https://www.chewy.com/blue-buffalo-natural-veterinary-diet/dp/174505,0,0,0,1
174524,https://www.chewy.com/blue-buffalo-natural-veterinary-diet/dp/174524,0,0,0,1
174526,https://www.chewy.com/blue-buffalo-natural-veterinary-diet/dp/174526,0,0,0,1
174528,https://www.chewy.com/blue-buffalo-natural-veterinary-diet/dp/174528,0,0,0,1
175015,https://www.chewy.com/stella-chewys-duck-duck-goose-meal/dp/175015,0,0,0,1
175415,https://www.chewy.com/canidae-grain-free-pure-limited/dp/175415,0,0,0,1
175422,https://www.chewy.com/canidae-grain-free-pure-limited/dp/175422,0,0,0,1
175670,https://www.chewy.com/american-natural-premium-puppy-dry/dp/175670,0,0,0,1
175673,https://www.chewy.com/american-natural-premium-large-breed/dp/175673,0,0,0,1
175703,https://www.chewy.com/nutro-ultra-grain-free-filets-in/dp/175703,0,0,0,1
175713,https://www.chewy.com/nutro-ultra-grain-free-filets-in/dp/175713,0,0,0,1
175719,https://www.chewy.com/nutro-ultra-grain-free-filets-in/dp/175719,0,0,0,1
1758110,https://www.chewy.com/zealandia-adult-grain-free-beef-pate/dp/1758110,0,0,0,1
1758134,https://www.chewy.com/zealandia-adult-grain-free-brushtail/dp/1758134,0,0,0,1
1758150,https://www.chewy.com/zealandia-adult-grain-free-hoki-fish/dp/1758150,0,0,0,1
1758174,https://www.chewy.com/zealandia-adult-grain-free-chicken/dp/1758174,0,0,0,1
1758182,https://www.chewy.com/zealandia-adult-grain-free-salmon/dp/1758182,0,0,0,1
1758198,https://www.chewy.com/zealandia-adult-grain-free-venison/dp/1758198,0,0,0,1
1758214,https://www.chewy.com/zealandia-adult-grain-free-lamb-pate/dp/1758214,0,0,0,1
1758230,https://www.chewy.com/zealandia-adult-grain-free-wallaby/dp/1758230,0,0,0,1
1759366,https://www.chewy.com/chewy-limited-ingredient-duck/dp/1759366,0,0,0,1
1759390,https://www.chewy.com/chewy-limited-ingredient-lamb/dp/1759390,0,0,0,1
1759414,https://www.chewy.com/chewy-limited-ingredient-salmon/dp/1759414,0,0,0,1
1759438,https://www.chewy.com/chewy-limited-ingredient-turkey/dp/1759438,0,0,0,1
1759462,https://www.chewy.com/chewy-limited-ingredient-venison/dp/1759462,0,0,0,1
1759486,https://www.chewy.com/chewy-wholesome-grains-beef/dp/1759486,0,0,0,1
1759510,https://www.chewy.com/chewy-wholesome-grains-chicken/dp/1759510,0,0,0,1
1759534,https://www.chewy.com/chewy-wholesome-grains-salmon/dp/1759534,0,0,0,1
1759558,https://www.chewy.com/chewy-wholesome-grains-lamb/dp/1759558,0,0,0,1
1760262,https://www.chewy.com/pureluxe-elite-nutrition-healthy/dp/1760262,0,0,0,1
1760294,https://www.chewy.com/pureluxe-elite-nutrition-grain-free/dp/1760294,0,0,0,1
1760318,https://www.chewy.com/pureluxe-elite-nutrition-healthy/dp/1760318,0,0,0,1
1760350,https://www.chewy.com/pureluxe-elite-nutrition-grain-free/dp/1760350,0,0,0,1
1760382,https://www.chewy.com/pureluxe-elite-nutrition-grain-free/dp/1760382,0,0,0,1
1760406,https://www.chewy.com/pureluxe-elite-nutrition-small-breed/dp/1760406,0,0,0,1
1760478,https://www.chewy.com/pureluxe-elite-nutrition-stellar-low/dp/1760478,0,0,0,1
1760646,https://www.chewy.com/alpha-dog-series-furesh-skin-coat/dp/1760646,0,0,0,1
1760670,https://www.chewy.com/alpha-dog-series-furesh-limited/dp/1760670,0,0,0,1
176339,https://www.chewy.com/crave-high-protein-beef-adult-grain/dp/176339,0,0,0,1
176449,https://www.chewy.com/sojos-complete-chicken-recipe-adult/dp/176449,0,1,0,1
176460,https://www.chewy.com/sojos-mix-meal-fruit-veggie-pre-mix/dp/176460,0,1,0,1
176541,https://www.chewy.com/health-extension-grain-free-new-york/dp/176541,0,0,0,1
176673,https://www.chewy.com/ziwi-peak-chicken-grain-free-air/dp/176673,0,0,0,1
176688,https://www.chewy.com/ziwi-peak-chicken-recipe-canned-dog/dp/176688,0,0,0,1
177002,https://www.chewy.com/true-acre-foods-grain-free-chicken/dp/177002,0,0,0,1
177006,https://www.chewy.com/true-acre-foods-grain-free-beef/dp/177006,0,0,0,1
177086,https://www.chewy.com/honest-kitchen-grain-free-chicken/dp/177086,0,0,0,1
177090,https://www.chewy.com/honest-kitchen-grain-free-turkey/dp/177090,0,0,0,1
177094,https://www.chewy.com/honest-kitchen-grain-free-beef-whole/dp/177094,0,0,0,1
177265,https://www.chewy.com/petkind-tripett-green-venison-tripe/dp/177265,0,0,0,1
177277,https://www.chewy.com/petkind-tripe-dry-single-animal/dp/177277,0,0,0,1
177403,https://www.chewy.com/solid-gold-mighty-mini-small-toy/dp/177403,0,0,0,1
177902,https://www.chewy.com/avoderm-chicken-meal-brown-rice/dp/177902,0,0,0,1
177915,https://www.chewy.com/annamaet-grain-free-re-juvenate/dp/177915,0,0,0,1
177919,https://www.chewy.com/annamaet-grain-free-ohana-puppy/dp/177919,0,0,0,1
177923,https://www.chewy.com/annamaet-original-puppy-dry-dog-food/dp/177923,0,0,0,1
178137,https://www.chewy.com/lucy-pet-products-formulas-life-grain/dp/178137,0,0,0,1
178139,https://www.chewy.com/lucy-pet-products-formulas-life-grain/dp/178139,0,0,0,1
178452,https://www.chewy.com/annamaet-grain-free-aqualuk-cold/dp/178452,0,0,0,1
178454,https://www.chewy.com/annamaet-grain-free-lean-low-fat/dp/178454,0,0,0,1
178597,https://www.chewy.com/american-journey-grain-free-senior/dp/178597,0,0,0,1
178599,https://www.chewy.com/american-journey-grain-free-large/dp/178599,0,0,0,1
178605,https://www.chewy.com/american-journey-protein-grains-puppy/dp/178605,0,0,0,1
178607,https://www.chewy.com/american-journey-protein-grains/dp/178607,0,0,0,1
179017,https://www.chewy.com/purina-pro-plan-veterinary-diets-ha/dp/179017,0,0,0,1
179133,https://www.chewy.com/wholesomes-beef-meal-rice-formula-dry/dp/179133,0,0,0,1
179191,https://www.chewy.com/hills-prescription-diet-cd-multicare/dp/179191,0,0,0,1
179321,https://www.chewy.com/zignature-goat-limited-ingredient/dp/179321,0,0,0,1
179324,https://www.chewy.com/ketonatural-ketona-chicken-recipe/dp/179324,0,0,0,1
179514,https://www.chewy.com/natures-logic-canine-pork-feast-all/dp/179514,0,0,0,1
179647,https://www.chewy.com/blue-buffalo-natural-veterinary-diet/dp/179647,0,0,0,1
179652,https://www.chewy.com/blue-buffalo-natural-veterinary-diet/dp/179652,0,0,0,1
179654,https://www.chewy.com/blue-buffalo-natural-veterinary-diet/dp/179654,0,0,0,1
180564,https://www.chewy.com/lotus-grain-free-beef-loaf-canned-dog/dp/180564,0,0,0,1
180566,https://www.chewy.com/lotus-grain-free-green-tripe-loaf/dp/180566,0,0,0,1
1806334,https://www.chewy.com/bil-jac-3020-performance-dry-dog-food/dp/1806334,0,0,0,1
1806366,https://www.chewy.com/bil-jac-sensitive-solutions-chicken/dp/1806366,0,0,0,1
1806374,https://www.chewy.com/bil-jac-sensitive-solutions-turkey/dp/1806374,0,0,0,1
180704,https://www.chewy.com/american-journey-protein-grains/dp/180704,0,0,0,1
1810006,https://www.chewy.com/victor-sensitive-skin-stomach-beef/dp/1810006,0,0,0,1
1810022,https://www.chewy.com/victor-sensitive-skin-stomach-grain/dp/1810022,0,0,0,1
1810070,https://www.chewy.com/victor-sensitive-skin-stomach-salmon/dp/1810070,0,0,0,1
1810094,https://www.chewy.com/nulo-raw-medley-salmon-sweet-potato/dp/1810094,0,0,0,1
1810142,https://www.chewy.com/nulo-raw-medley-turkey-sweet-potato/dp/1810142,0,0,0,1
1810214,https://www.chewy.com/nulo-raw-medley-salmon-oats-turkey/dp/1810214,0,0,0,1
1810230,https://www.chewy.com/nulo-raw-medley-beef-sweet-potato/dp/1810230,0,0,0,1
1810254,https://www.chewy.com/nulo-raw-medley-chicken-oats-turkey/dp/1810254,0,0,0,1
181313,https://www.chewy.com/taste-wild-wetlands-grain-free-dry/dp/181313,0,0,0,1
181318,https://www.chewy.com/taste-wild-pacific-stream-smoke/dp/181318,0,0,0,1
181320,https://www.chewy.com/taste-wild-high-prairie-grain-free/dp/181320,0,0,0,1
181322,https://www.chewy.com/taste-wild-sierra-mountain-grain-free/dp/181322,0,0,0,1
181324,https://www.chewy.com/taste-wild-high-prairie-puppy-formula/dp/181324,0,0,0,1
181326,https://www.chewy.com/taste-wild-pacific-stream-smoke/dp/181326,0,0,0,1
181338,https://www.chewy.com/evangers-organics-beef-dinner-grain/dp/181338,0,0,0,1
181340,https://www.chewy.com/evangers-organics-chicken-turkey/dp/181340,0,0,0,1
1816342,https://www.chewy.com/nulo-freestyle-limited-ingredient/dp/1816342,0,0,0,1
181761,https://www.chewy.com/avoderm-natural-grain-free-salmon/dp/181761,0,0,0,1
1817862,https://www.chewy.com/chewy-grain-free-salmon-dog-food/dp/1817862,0,0,0,1
1817918,https://www.chewy.com/chewy-grain-free-beef-dog-food/dp/1817918,0,0,0,1
1817942,https://www.chewy.com/chewy-grain-free-chicken-dog-food/dp/1817942,0,0,0,1
1817966,https://www.chewy.com/chewy-grain-free-lamb-dog-food/dp/1817966,0,0,0,1
1823966,https://www.chewy.com/weruva-awesome-shiny-chicken-breast/dp/1823966,0,0,0,1
183282,https://www.chewy.com/annamaet-grain-free-salcha-poulet/dp/183282,0,0,0,1
183840,https://www.chewy.com/nutro-natural-choice-adult-beef-brown/dp/183840,0,0,0,1
183842,https://www.chewy.com/nutro-hearty-stew-adult-chunky-beef/dp/183842,0,0,0,1
184016,https://www.chewy.com/zignature-kangaroo-formula-small/dp/184016,0,0,0,1
184019,https://www.chewy.com/zignature-lamb-formula-small-bites/dp/184019,0,0,0,1
184022,https://www.chewy.com/zignature-small-bites-trout-salmon/dp/184022,0,0,0,1
184025,https://www.chewy.com/zignature-turkey-formula-small-bites/dp/184025,0,0,0,1
184028,https://www.chewy.com/zignature-zssential-multi-protein/dp/184028,0,0,0,1
1840678,https://www.chewy.com/royal-canin-fresh-health-nutrition/dp/1840678,0,0,0,1
1840694,https://www.chewy.com/royal-canin-fresh-health-nutrition/dp/1840694,0,0,0,1
1840718,https://www.chewy.com/royal-canin-fresh-health-nutrition/dp/1840718,0,0,0,1
184210,https://www.chewy.com/daves-pet-food-95-premium-beef-beef/dp/184210,0,0,0,1
184212,https://www.chewy.com/daves-pet-food-95-premium-chicken/dp/184212,0,0,0,1
184214,https://www.chewy.com/daves-pet-food-95-premium-turkey/dp/184214,0,0,0,1
184460,https://www.chewy.com/stella-chewys-surf-n-turf-dinner/dp/184460,0,0,0,1
184461,https://www.chewy.com/stella-chewys-absolutely-rabbit/dp/184461,0,0,0,1
184531,https://www.chewy.com/hills-science-diet-adult-sensitive/dp/184531,0,0,0,1
184533,https://www.chewy.com/hills-science-diet-adult-sensitive/dp/184533,0,0,0,1
184536,https://www.chewy.com/hills-science-diet-adult-sensitive/dp/184536,0,0,0,1
184539,https://www.chewy.com/hills-science-diet-adult-7-small/dp/184539,0,0,0,1
184545,https://www.chewy.com/hills-science-diet-adult-light/dp/184545,0,0,0,1
184546,https://www.chewy.com/hills-science-diet-adult-light-small/dp/184546,0,0,0,1
184547,https://www.chewy.com/hills-science-diet-adult-large-breed/dp/184547,0,0,0,1
1847574,https://www.chewy.com/hills-science-diet-adult-sensitive/dp/1847574,0,0,0,1
1847590,https://www.chewy.com/hills-science-diet-adult-perfect/dp/1847590,0,0,0,1
1847606,https://www.chewy.com/hills-science-diet-adult-healthy/dp/1847606,0,0,0,1
1847630,https://www.chewy.com/hills-science-diet-adult-sensitive/dp/1847630,0,0,0,1
1847638,https://www.chewy.com/hills-science-diet-adult-7-healthy/dp/1847638,0,0,0,1
1850174,https://www.chewy.com/nutrena-true-active-2618-dry-dog-food/dp/1850174,0,0,0,1
1850182,https://www.chewy.com/nutrena-true-high-energy-2420-dry-dog/dp/1850182,0,0,0,1
1850246,https://www.chewy.com/nutrena-true-professional-3020-dry/dp/1850246,0,0,0,1
185930,https://www.chewy.com/halo-holistic-complete-digestive/dp/185930,0,0,0,1
185931,https://www.chewy.com/halo-holistic-complete-digestive/dp/185931,0,0,0,1
185933,https://www.chewy.com/halo-holistic-complete-digestive/dp/185933,0,0,0,1
185934,https://www.chewy.com/halo-holistic-vegan-dog-food-complete/dp/185934,0,0,0,1
1865598,https://www.chewy.com/animals-like-us-rawmix50-grass-fed/dp/1865598,0,0,0,0
187472,https://www.chewy.com/k9-natural-hoki-beef-grain-free/dp/187472,0,0,0,1
187475,https://www.chewy.com/k9-natural-lamb-king-salmon-grain/dp/187475,0,0,0,1
187479,https://www.chewy.com/instinct-raw-boost-grain-free-recipe/dp/187479,0,0,0,1
187482,https://www.chewy.com/instinct-raw-boost-gut-health-grain/dp/187482,0,0,0,1
187520,https://www.chewy.com/honest-kitchen-meal-booster-99/dp/187520,0,0,0,1
187522,https://www.chewy.com/honest-kitchen-meal-booster-99-turkey/dp/187522,0,0,0,1
187524,https://www.chewy.com/honest-kitchen-meal-booster-99-beef/dp/187524,0,0,0,1
187628,https://www.chewy.com/purina-pro-plan-veterinary-diets/dp/187628,0,0,0,1
188059,https://www.chewy.com/victor-classic-multi-pro-dry-dog-food/dp/188059,0,0,0,1
1889414,https://www.chewy.com/furvor-beef-chicken-bone-broth-topper/dp/1889414,0,0,0,1
1889438,https://www.chewy.com/furvor-beef-chicken-mobility-bone/dp/1889438,0,0,0,1
1889806,https://www.chewy.com/jinx-jr-whole-grain-chicken-recipe/dp/1889806,0,0,0,1
1889974,https://www.chewy.com/purina-pro-plan-veterinary-diets-ur/dp/1889974,0,0,0,1
1889990,https://www.chewy.com/purina-pro-plan-veterinary-diets-ur/dp/1889990,0,0,0,1
1890006,https://www.chewy.com/purina-pro-plan-veterinary-diets-ur/dp/1890006,0,0,0,1
1891134,https://www.chewy.com/natures-protection-red-coat-salmon/dp/1891134,0,0,0,1
1891214,https://www.chewy.com/natures-protection-red-coat-lamb/dp/1891214,0,0,0,1
1891262,https://www.chewy.com/natures-protection-white-dogswhite/dp/1891262,0,0,0,1
1891310,https://www.chewy.com/natures-protection-white-dogs-insect/dp/1891310,0,0,0,1
1891334,https://www.chewy.com/natures-protection-white-dogs-insect/dp/1891334,0,0,0,1
1892014,https://www.chewy.com/maev-formula-supplemented-hip-joint/dp/1892014,0,0,0,0
1892046,https://www.chewy.com/maev-formula-supplemented-anxiety/dp/1892046,0,0,0,0
1892078,https://www.chewy.com/maev-formula-supplemented-weight/dp/1892078,0,0,0,0
1892110,https://www.chewy.com/maev-formula-supplemented-skin-coat/dp/1892110,0,0,0,0
1892974,https://www.chewy.com/happy-howl-tasty-turkey-feast-100/dp/1892974,0,0,0,0
1894414,https://www.chewy.com/primal-kibble-in-raw-fish-pork-recipe/dp/1894414,0,0,0,1
1894438,https://www.chewy.com/primal-kibble-in-raw-beef-recipe-non/dp/1894438,0,0,0,1
1894614,https://www.chewy.com/hills-prescription-diet/dp/1894614,0,0,0,1
1894630,https://www.chewy.com/hills-prescription-diet-id-ab-chicken/dp/1894630,0,0,0,1
1895078,https://www.chewy.com/hills-prescription-diet-id-low-fat/dp/1895078,0,0,0,1
189521,https://www.chewy.com/go-solutions-carnivore-grain-free/dp/189521,0,0,0,1
189524,https://www.chewy.com/go-solutions-carnivore-grain-free/dp/189524,0,0,0,1
189527,https://www.chewy.com/go-solutions-carnivore-grain-free/dp/189527,0,0,0,1
189534,https://www.chewy.com/go-solutions-carnivore-grain-free/dp/189534,0,0,0,1
189538,https://www.chewy.com/go-solutions-carnivore-grain-free/dp/189538,0,0,0,1
189710,https://www.chewy.com/avoderm-grain-free-salmon-vegetables/dp/189710,0,0,0,1
189712,https://www.chewy.com/avoderm-beef-vegetables-recipe-grain/dp/189712,0,0,0,1
189754,https://www.chewy.com/natural-balance-original-ultra-grain/dp/189754,0,0,0,1
190780,https://www.chewy.com/avoderm-advanced-healthy-weight/dp/190780,0,0,0,1
1915046,https://www.chewy.com/merrick-fresh-selects-frozen-chicken/dp/1915046,0,0,0,1
1915070,https://www.chewy.com/merrick-fresh-selects-frozen-turkey/dp/1915070,0,0,0,1
1915094,https://www.chewy.com/merrick-fresh-selects-frozen-beef/dp/1915094,0,0,0,1
191811,https://www.chewy.com/chicken-soup-soul-chicken-turkey/dp/191811,0,0,0,1
191819,https://www.chewy.com/chicken-soup-soul-large-breed-puppy/dp/191819,0,0,0,1
191822,https://www.chewy.com/chicken-soup-soul-mature-chicken/dp/191822,0,0,0,1
191825,https://www.chewy.com/chicken-soup-soul-puppy-chicken/dp/191825,0,0,0,1
191830,https://www.chewy.com/chicken-soup-soul-adult-weight-care/dp/191830,0,0,0,1
191897,https://www.chewy.com/chicken-soup-soul-small-bites-chicken/dp/191897,0,0,0,1
1919102,https://www.chewy.com/nom-nom-freshly-made-frozen-chicken/dp/1919102,0,0,0,1
1919110,https://www.chewy.com/nom-nom-freshly-made-frozen-lamb/dp/1919110,0,0,0,1
1919414,https://www.chewy.com/little-hunter-grain-free-freeze-dried/dp/1919414,0,0,0,1
1924446,https://www.chewy.com/stella-chewys-dandy-lamb-patties-raw/dp/1924446,0,0,0,1
1924470,https://www.chewy.com/stella-chewys-stellas-super-beef/dp/1924470,0,0,0,1
1924478,https://www.chewy.com/stella-chewys-tantalizing-turkey/dp/1924478,0,0,0,1
1924494,https://www.chewy.com/stella-chewys-chewys-chicken-patties/dp/1924494,0,0,0,1
1924510,https://www.chewy.com/stella-chewys-absolutely-rabbit/dp/1924510,0,0,0,1
192841,https://www.chewy.com/purina-one-plus-adult-digestive/dp/192841,0,0,0,1
1930486,https://www.chewy.com/chewy-grain-free-lamb-dog-food/dp/1930486,0,0,0,1
1930502,https://www.chewy.com/chewy-grain-free-salmon-dog-food/dp/1930502,0,0,0,1
1936902,https://www.chewy.com/360-pet-nutrition-multi-protein/dp/1936902,0,0,0,1
1936910,https://www.chewy.com/360-pet-nutrition-chicken-freeze/dp/1936910,0,0,0,1
1939374,https://www.chewy.com/justfoodfordogs-justfresh-home-cooked/dp/1939374,0,0,0,1
1944510,https://www.chewy.com/stella-chewys-freshmade-frozen-fresh/dp/1944510,0,0,0,1
1945766,https://www.chewy.com/stella-chewys-freshmade-frozen-fresh/dp/1945766,0,0,0,1
1945790,https://www.chewy.com/stella-chewys-freshmade-frozen-fresh/dp/1945790,0,0,0,1
1945814,https://www.chewy.com/stella-chewys-freshmade-frozen-fresh/dp/1945814,0,0,0,1
1945838,https://www.chewy.com/stella-chewys-freshmade-frozen-fresh/dp/1945838,0,0,0,1
1945862,https://www.chewy.com/stella-chewys-freshmade-frozen-fresh/dp/1945862,0,0,0,1
1945886,https://www.chewy.com/stella-chewys-freshmade-frozen-fresh/dp/1945886,0,0,0,1
1962726,https://www.chewy.com/kismet-salmon-brown-rice-recipe/dp/1962726,0,0,0,0
1962758,https://www.chewy.com/kismet-chicken-barley-recipe-freeze/dp/1962758,0,0,0,0
1962790,https://www.chewy.com/kismet-chicken-barley-recipe-freeze/dp/1962790,0,0,0,0
1962822,https://www.chewy.com/kismet-chicken-barley-recipe-freeze/dp/1962822,0,0,0,0
1975006,https://www.chewy.com/hills-prescription-diet-id-digestive/dp/1975006,0,0,0,1
1975038,https://www.chewy.com/hills-prescription-diet-id-digestive/dp/1975038,0,0,0,1
1980902,https://www.chewy.com/purina-pro-plan-adult-sensitive-skin/dp/1980902,0,0,0,0
1996046,https://www.chewy.com/simple-food-project-chicken-turkey/dp/1996046,0,0,0,1
1996086,https://www.chewy.com/simple-food-project-beef-salmon/dp/1996086,0,0,0,1
1996134,https://www.chewy.com/simple-food-project-duck-trout-recipe/dp/1996134,0,0,0,1
1996214,https://www.chewy.com/simple-food-project-bison-recipe/dp/1996214,0,0,0,1
1996230,https://www.chewy.com/simple-food-project-lamb-recipe/dp/1996230,0,0,0,1
1996278,https://www.chewy.com/simple-food-project-duck-recipe/dp/1996278,0,0,0,1
1997286,https://www.chewy.com/muenster-perfect-balance-chicken-meal/dp/1997286,0,0,0,1
1997302,https://www.chewy.com/muenster-perfect-balance-chicken-meal/dp/1997302,0,0,0,1
200685,https://www.chewy.com/american-natural-premium-chicken-meal/dp/200685,0,0,0,1
201013,https://www.chewy.com/blue-buffalo-natural-veterinary-diet/dp/201013,0,0,0,1
201016,https://www.chewy.com/blue-buffalo-natural-veterinary-diet/dp/201016,0,0,0,1
202115,https://www.chewy.com/bench-field-holistic-natural-formula/dp/202115,0,0,0,1
202214,https://www.chewy.com/farmina-nd-ancestral-grain-chicken/dp/202214,0,0,0,1
202216,https://www.chewy.com/farmina-nd-ancestral-grain-chicken/dp/202216,0,0,0,1
202218,https://www.chewy.com/farmina-nd-ancestral-grain-lamb/dp/202218,0,0,0,1
202220,https://www.chewy.com/farmina-nd-ocean-codfish-orange/dp/202220,0,0,0,1
202224,https://www.chewy.com/farmina-nd-prime-boar-apple-medium/dp/202224,0,0,0,1
202226,https://www.chewy.com/farmina-nd-prime-chicken-pomegranate/dp/202226,0,0,0,1
202227,https://www.chewy.com/farmina-nd-prime-chicken-pomegranate/dp/202227,0,0,0,1
202229,https://www.chewy.com/farmina-nd-prime-lamb-blueberry/dp/202229,0,0,0,1
202231,https://www.chewy.com/farmina-nd-ocean-herring-orange/dp/202231,0,0,0,1
2031590,https://www.chewy.com/stella-chewys-frozen-duck-duck-goose/dp/2031590,0,0,0,1
2031622,https://www.chewy.com/stella-chewys-frozen-surf-turf/dp/2031622,0,0,0,1
203211,https://www.chewy.com/stella-chewys-meal-mixers-purely-pork/dp/203211,0,0,0,1
2050150,https://www.chewy.com/zignature-select-cuts-kangaroo/dp/2050150,0,0,0,1
2056102,https://www.chewy.com/next-level-super-premium-pet-food/dp/2056102,0,0,0,1
2056142,https://www.chewy.com/next-level-super-premium-pet-food/dp/2056142,0,0,0,1
2056166,https://www.chewy.com/next-level-super-premium-pet-food/dp/2056166,0,0,0,1
2056198,https://www.chewy.com/next-level-super-premium-pet-food/dp/2056198,0,0,0,1
2056230,https://www.chewy.com/next-level-super-premium-pet-food/dp/2056230,0,0,0,1
2056934,https://www.chewy.com/stella-chewys-raw-blend-free-range/dp/2056934,0,0,0,1
2056974,https://www.chewy.com/stella-chewys-raw-coated-cage-free/dp/2056974,0,0,0,1
2056998,https://www.chewy.com/stella-chewys-raw-blend-red-meat/dp/2056998,0,0,0,1
2057038,https://www.chewy.com/stella-chewys-raw-coated-grass-fed/dp/2057038,0,0,0,1
2057054,https://www.chewy.com/stella-chewys-raw-blend-red-meat/dp/2057054,0,0,0,1
2057086,https://www.chewy.com/stella-chewys-raw-coated-wild-caught/dp/2057086,0,0,0,1
2057110,https://www.chewy.com/stella-chewys-raw-blend-cage-free/dp/2057110,0,0,0,1
2057134,https://www.chewy.com/stella-chewys-raw-coated-cage-free/dp/2057134,0,0,0,1
2057158,https://www.chewy.com/stella-chewys-raw-coated-grass-fed/dp/2057158,0,0,0,1
2057190,https://www.chewy.com/stella-chewys-raw-coated-cage-free/dp/2057190,0,0,0,1
2057214,https://www.chewy.com/stella-chewys-raw-coated-wholesome/dp/2057214,0,0,0,1
2057238,https://www.chewy.com/stella-chewys-raw-blend-wholesome/dp/2057238,0,0,0,1
2057262,https://www.chewy.com/stella-chewys-raw-coated-wholesome/dp/2057262,0,0,0,1
2057310,https://www.chewy.com/stella-chewys-raw-blend-wholesome/dp/2057310,0,0,0,1
2057398,https://www.chewy.com/primal-duck-turkey-fish-formula/dp/2057398,0,0,0,1
2073662,https://www.chewy.com/ziwi-peak-variety-pack-adult-grain/dp/2073662,0,0,0,0
2073694,https://www.chewy.com/ziwi-peak-variety-pack-adult-grain/dp/2073694,0,0,0,0
2076550,https://www.chewy.com/instinct-freshraw-meals-grain-free/dp/2076550,0,0,0,1
2076566,https://www.chewy.com/instinct-freshraw-meals-grain-free/dp/2076566,0,0,0,1
2076582,https://www.chewy.com/instinct-freshraw-meals-grain-free/dp/2076582,0,0,0,1
2076854,https://www.chewy.com/redbarn-powerfood-healthy-puppy-beef/dp/2076854,0,0,0,1
208231,https://www.chewy.com/purpose-rabbit-veggie-grain-free/dp/208231,0,0,0,1
2084502,https://www.chewy.com/horizon-pulsar-salmon-whole-grain-dry/dp/2084502,0,0,0,1
209546,https://www.chewy.com/almo-nature-hqs-complete-chicken-stew/dp/209546,0,0,0,1
209558,https://www.chewy.com/almo-nature-hqs-natural-chicken-tuna/dp/209558,0,0,0,1
209787,https://www.chewy.com/american-journey-grain-free-large/dp/209787,0,0,0,1
209858,https://www.chewy.com/forza10-nutraceutic-actiwet-dermo/dp/209858,0,0,0,1
209864,https://www.chewy.com/forza10-nutraceutic-actiwet-digestive/dp/209864,0,0,0,1
209866,https://www.chewy.com/forza10-nutraceutic-actiwet-renal/dp/209866,0,0,0,1
211104,https://www.chewy.com/avoderm-advanced-joint-health-chicken/dp/211104,0,0,0,1
2111070,https://www.chewy.com/king-lou-complete-raw-food-beef/dp/2111070,0,0,0,1
2111086,https://www.chewy.com/king-lou-complete-raw-food-lamb/dp/2111086,0,0,0,1
2111102,https://www.chewy.com/king-lou-complete-raw-food-turkey/dp/2111102,0,0,0,1
212650,https://www.chewy.com/i-love-you-baked-saucy-chicken-sweet/dp/212650,0,0,0,1
2127278,https://www.chewy.com/ami-yellow-carrots-potatoes-vegan-wet/dp/2127278,0,0,0,1
2127294,https://www.chewy.com/ami-orange-pumpkin-sweet-potato-vegan/dp/2127294,0,0,0,1
2127310,https://www.chewy.com/ami-purple-beans-blueberries-vegan/dp/2127310,0,0,0,1
2127326,https://www.chewy.com/ami-green-lentils-broccoli-vegan-wet/dp/2127326,0,0,0,1
2127342,https://www.chewy.com/green-dog-vegan-dry-dog-food-33-lb/dp/2127342,0,0,0,1
2127358,https://www.chewy.com/ami-vegan-dry-dog-food-2646-lb-bag/dp/2127358,0,0,0,1
2127374,https://www.chewy.com/ami-red-beans-tomatoes-vegan-wet-dog/dp/2127374,0,0,0,1
2132606,https://www.chewy.com/maev-puppy-human-grade-raw-frozen/dp/2132606,0,0,0,1
2142166,https://www.chewy.com/honest-kitchen-essential-clusters/dp/2142166,0,0,1,1
2142198,https://www.chewy.com/honest-kitchen-essential-clusters/dp/2142198,0,0,1,1
2142214,https://www.chewy.com/honest-kitchen-essential-clusters/dp/2142214,0,0,1,1
2151030,https://www.chewy.com/victor-classic-hi-pro-plus-small/dp/2151030,0,0,0,1
217987,https://www.chewy.com/taste-wild-ancient-stream-smoke/dp/217987,0,0,0,1
217995,https://www.chewy.com/taste-wild-ancient-mountain-ancient/dp/217995,0,0,0,1
2183222,https://www.chewy.com/purina-pro-plan-puppy-mousse-starter/dp/2183222,0,0,0,1
2183238,https://www.chewy.com/purina-pro-plan-sensitive-systems/dp/2183238,0,0,0,1
2183254,https://www.chewy.com/purina-pro-plan-sensitive-stomach/dp/2183254,0,0,0,1
2183270,https://www.chewy.com/purina-pro-plan-sensitive-skin/dp/2183270,0,0,0,1
2183286,https://www.chewy.com/purina-pro-plan-sensitive-stomach/dp/2183286,0,0,0,1
2184662,https://www.chewy.com/royal-canin-veterinary-diet/dp/2184662,0,0,0,1
2184694,https://www.chewy.com/royal-canin-veterinary-diet/dp/2184694,0,0,0,1
2184718,https://www.chewy.com/royal-canin-veterinary-diet/dp/2184718,0,0,0,1
2184734,https://www.chewy.com/royal-canin-veterinary-diet/dp/2184734,0,0,0,1
2184774,https://www.chewy.com/royal-canin-veterinary-diet/dp/2184774,0,0,0,1
2184798,https://www.chewy.com/royal-canin-veterinary-diet/dp/2184798,0,0,0,1
2184822,https://www.chewy.com/royal-canin-veterinary-diet/dp/2184822,0,0,0,1
2184862,https://www.chewy.com/royal-canin-veterinary-diet/dp/2184862,0,0,0,1
2185046,https://www.chewy.com/royal-canin-veterinary-diet/dp/2185046,0,0,0,1
2185422,https://www.chewy.com/rockster-sunday-roast-wet-dog-food-12/dp/2185422,0,0,0,1
2185438,https://www.chewy.com/rockster-fishermans-dream-wet-dog/dp/2185438,0,0,0,1
2185454,https://www.chewy.com/rockster-chickenrella-wet-dog-food-12/dp/2185454,0,0,0,1
2185470,https://www.chewy.com/rockster-sound-game-wet-dog-food-12/dp/2185470,0,0,0,1
2185486,https://www.chewy.com/rockster-duck-la-royale-wet-dog-food/dp/2185486,0,0,0,1
2185638,https://www.chewy.com/rockster-boeuf-du-cap-wet-dog-food-12/dp/2185638,0,0,0,1
2185718,https://www.chewy.com/evangers-evx-restricted-diet/dp/2185718,0,0,0,1
218618,https://www.chewy.com/royal-canin-canine-care-nutrition/dp/218618,0,0,0,1
218620,https://www.chewy.com/royal-canin-canine-care-nutrition/dp/218620,0,0,0,1
218622,https://www.chewy.com/royal-canin-canine-care-nutrition/dp/218622,0,0,0,1
218638,https://www.chewy.com/royal-canin-canine-care-nutrition/dp/218638,0,0,0,1
218641,https://www.chewy.com/royal-canin-canine-care-nutrition/dp/218641,0,0,0,1
218644,https://www.chewy.com/royal-canin-canine-care-nutrition/dp/218644,0,0,0,1
2195734,https://www.chewy.com/solid-gold-nutrientboost-hund-n/dp/2195734,0,0,0,0
2195830,https://www.chewy.com/solid-gold-digestive-support-chicken/dp/2195830,0,0,0,0
220998,https://www.chewy.com/evangers-super-premium-game-bird/dp/220998,0,0,0,1
221006,https://www.chewy.com/stella-chewys-freeze-dried-raw-simply/dp/221006,0,0,0,1
222828,https://www.chewy.com/atta-boy-grilled-chicken-rice-flavor/dp/222828,0,0,0,1
2232166,https://www.chewy.com/squarepet-vfs-canine-hydrolyzed-skin/dp/2232166,0,1,1,1
2232198,https://www.chewy.com/squarepet-vfs-canine-low-fat-formula/dp/2232198,0,1,1,1
2232214,https://www.chewy.com/squarepet-vfs-canine-low-phosphorus/dp/2232214,0,1,1,1
2232230,https://www.chewy.com/squarepet-vfs-canine-ideal-digestion/dp/2232230,0,1,1,1
224453,https://www.chewy.com/canisource-grand-cru-red-meat/dp/224453,0,0,0,1
224459,https://www.chewy.com/canisource-grand-cru-fish-grain-free/dp/224459,0,0,0,1
224463,https://www.chewy.com/canisource-grand-cru-pork-lamb-grain/dp/224463,0,0,0,1
224467,https://www.chewy.com/canisource-grand-cru-turkey-grain/dp/224467,0,0,0,1
2246974,https://www.chewy.com/orijen-wild-reserve-dry-dog-food-wild/dp/2246974,0,0,0,1
2246998,https://www.chewy.com/orijen-wild-reserve-dry-dog-food-free/dp/2246998,0,0,0,1
2247030,https://www.chewy.com/orijen-wild-reserve-dry-dog-food-farm/dp/2247030,0,0,0,1
2247062,https://www.chewy.com/orijen-wild-reserve-dry-dog-food-free/dp/2247062,0,0,0,1
2247654,https://www.chewy.com/weruva-paw-lickin-puppy-variety-pack/dp/2247654,0,0,0,1
2248046,https://www.chewy.com/puppy-variety-pack-greenies-petite/dp/2248046,0,0,0,0
2248086,https://www.chewy.com/puppy-variety-pack-pedigree-variety/dp/2248086,0,0,0,0
2248134,https://www.chewy.com/puppy-variety-pack-greenies-petite/dp/2248134,0,0,0,0
2248174,https://www.chewy.com/puppy-variety-pack-greenies-petite/dp/2248174,0,0,0,0
2248214,https://www.chewy.com/puppy-variety-pack-nutro-natural/dp/2248214,0,0,0,0
2248254,https://www.chewy.com/puppy-variety-pack-cesar-warm-bowls/dp/2248254,0,0,0,0
2249670,https://www.chewy.com/blue-buffalo-life-protection-formula/dp/2249670,0,0,0,0
2249822,https://www.chewy.com/blue-buffalo-wilderness-chicken/dp/2249822,0,0,0,0
2249942,https://www.chewy.com/blue-buffalo-life-protection-formula/dp/2249942,0,0,0,0
2251182,https://www.chewy.com/forza10-active-colon-phase-dry-dog-22/dp/2251182,0,0,0,1
2251190,https://www.chewy.com/forza10-active-depura-fish-dry-dog-22/dp/2251190,0,0,0,1
2251198,https://www.chewy.com/forza10-active-dermo-dry-dog-food-22/dp/2251198,0,0,0,1
2251206,https://www.chewy.com/forza10-active-intestinal-support-dry/dp/2251206,0,0,0,1
2251214,https://www.chewy.com/forza10-active-kidney-renal-dry-dog/dp/2251214,0,0,0,1
2251222,https://www.chewy.com/forza10-active-echo-dry-dog-food-22/dp/2251222,0,0,0,1
2251262,https://www.chewy.com/forza10-dailypro-sensitive-digestion/dp/2251262,0,0,0,1
225799,https://www.chewy.com/country-vet-naturals-3020-active/dp/225799,0,0,0,1
225804,https://www.chewy.com/country-vet-naturals-2414-healthy/dp/225804,0,0,0,1
225810,https://www.chewy.com/country-vet-naturals-2818-healthy/dp/225810,0,0,0,1
225818,https://www.chewy.com/country-vet-naturals-24-10-senior-dog/dp/225818,0,0,0,1
225823,https://www.chewy.com/country-vet-naturals-28-16-grain-free/dp/225823,0,0,0,1
2260726,https://www.chewy.com/koha-big-easy-feast-slow-cooked-stew/dp/2260726,0,0,0,1
2260742,https://www.chewy.com/koha-greek-island-grill-slow-cooked/dp/2260742,0,0,0,1
2260750,https://www.chewy.com/koha-memphis-bbq-slow-cooked-stew/dp/2260750,0,0,0,1
2260758,https://www.chewy.com/koha-santa-fe-skillet-slow-cooked/dp/2260758,0,0,0,1
2260766,https://www.chewy.com/koha-lone-star-brisket-slow-cooked/dp/2260766,0,0,0,1
2260782,https://www.chewy.com/koha-pike-place-platter-slow-cooked/dp/2260782,0,0,0,1
2260806,https://www.chewy.com/koha-limited-ingredient-diet-turkey/dp/2260806,0,0,0,1
2260822,https://www.chewy.com/koha-limited-ingredient-diet-salmon/dp/2260822,0,0,0,1
2260854,https://www.chewy.com/koha-limited-ingredient-diet-pork/dp/2260854,0,0,0,1
2260894,https://www.chewy.com/koha-chicken-stew-high-protein/dp/2260894,0,0,0,1
2260910,https://www.chewy.com/koha-limited-ingredient-diet-kangaroo/dp/2260910,0,0,0,1
2260934,https://www.chewy.com/koha-duck-stew-high-protein-limited/dp/2260934,0,0,0,1
2260958,https://www.chewy.com/koha-limited-ingredient-diet-lamb/dp/2260958,0,0,0,1
2260974,https://www.chewy.com/koha-pork-stew-high-protein-limited/dp/2260974,0,0,0,1
2260998,https://www.chewy.com/koha-limited-ingredient-diet-venison/dp/2260998,0,0,0,1
2261022,https://www.chewy.com/koha-turkey-stew-high-protein-limited/dp/2261022,0,0,0,1
2261030,https://www.chewy.com/koha-beef-stew-high-protein-limited/dp/2261030,0,0,0,1
2261062,https://www.chewy.com/koha-rabbit-stew-high-protein-limited/dp/2261062,0,0,0,1
2261078,https://www.chewy.com/koha-lamb-stew-high-protein-limited/dp/2261078,0,0,0,1
2261086,https://www.chewy.com/koha-pure-shreds-duck-entree-high/dp/2261086,0,0,0,1
2261094,https://www.chewy.com/koha-pure-shreds-beef-entree-high/dp/2261094,0,0,0,1
2261126,https://www.chewy.com/koha-pure-shreds-chicken-duck-entree/dp/2261126,0,0,0,1
2261134,https://www.chewy.com/koha-pure-shreds-chicken-entree-high/dp/2261134,0,0,0,1
2261142,https://www.chewy.com/koha-pure-shreds-chicken-beef-entree/dp/2261142,0,0,0,1
2261190,https://www.chewy.com/koha-limited-ingredient-bland-diet/dp/2261190,0,0,0,1
2261206,https://www.chewy.com/koha-limited-ingredient-bland-diet/dp/2261206,0,0,0,1
2261302,https://www.chewy.com/koha-limited-ingredient-bland-diet/dp/2261302,0,0,0,1
2261614,https://www.chewy.com/koha-limited-ingredient-diet-beef/dp/2261614,0,0,0,1
2261630,https://www.chewy.com/koha-limited-ingredient-diet-duck/dp/2261630,0,0,0,1
227203,https://www.chewy.com/merrick-real-chicken-sweet-potato/dp/227203,0,0,0,1
227207,https://www.chewy.com/merrick-real-texas-beef-sweet-potato/dp/227207,0,0,0,1
227210,https://www.chewy.com/merrick-grain-free-dry-puppy-food/dp/227210,0,0,0,1
227213,https://www.chewy.com/merrick-grain-free-dry-puppy-food/dp/227213,0,0,0,1
227219,https://www.chewy.com/merrick-grain-free-dry-dog-food-real/dp/227219,0,0,0,1
227228,https://www.chewy.com/merrick-grain-free-senior-dry-dog/dp/227228,0,0,0,1
227230,https://www.chewy.com/merrick-grain-free-large-breed-dry/dp/227230,0,0,0,1
227486,https://www.chewy.com/purina-one-natural-high-protein-true/dp/227486,0,0,0,1
228615,https://www.chewy.com/go-solutions-sensitivities-limited/dp/228615,0,0,0,1
228616,https://www.chewy.com/go-solutions-sensitivities-limited/dp/228616,0,0,0,1
228617,https://www.chewy.com/go-solutions-sensitivities-limited/dp/228617,0,0,0,1
228618,https://www.chewy.com/go-solutions-sensitivities-limited/dp/228618,0,0,0,1
228619,https://www.chewy.com/go-solutions-sensitivities-limited/dp/228619,0,0,0,1
2289350,https://www.chewy.com/hills-science-diet-sensitive-stomach/dp/2289350,0,0,0,1
229042,https://www.chewy.com/firstmate-grain-friendly-cage-free/dp/229042,0,0,0,1
229045,https://www.chewy.com/firstmate-grain-friendly-free-range/dp/229045,0,0,0,1
229048,https://www.chewy.com/firstmate-grain-friendly-wild-pacific/dp/229048,0,0,0,1
2292894,https://www.chewy.com/nulo-gently-cooked-meals-lamb-apple/dp/2292894,0,0,0,1
229714,https://www.chewy.com/merrick-limited-ingredient-diet-grain/dp/229714,0,0,0,1
229718,https://www.chewy.com/merrick-limited-ingredient-diet-grain/dp/229718,0,0,0,1
229726,https://www.chewy.com/merrick-limited-ingredient-diet-real/dp/229726,0,0,0,1
229730,https://www.chewy.com/merrick-limited-ingredient-diet-dry/dp/229730,0,0,0,1
230017,https://www.chewy.com/merrick-grain-free-dry-dog-food-real/dp/230017,0,0,0,1
230226,https://www.chewy.com/blue-buffalo-natural-veterinary-diet/dp/230226,0,0,0,1
230789,https://www.chewy.com/royal-canin-veterinary-diet-adult/dp/230789,0,0,0,1
230793,https://www.chewy.com/royal-canin-veterinary-diet-adult/dp/230793,0,0,0,1
2314902,https://www.chewy.com/stella-chewys-freshmade-frozen-fresh/dp/2314902,0,0,0,0
234249,https://www.chewy.com/farmina-nd-ancestral-grain-lamb/dp/234249,0,0,0,1
234256,https://www.chewy.com/farmina-nd-ancestral-grain-lamb/dp/234256,0,0,0,1
234258,https://www.chewy.com/farmina-nd-ocean-herring-orange/dp/234258,0,0,0,1
234268,https://www.chewy.com/farmina-nd-ancestral-grain-chicken/dp/234268,0,0,0,1
234270,https://www.chewy.com/farmina-nd-ancestral-grain-chicken/dp/234270,0,0,0,1
2350158,https://www.chewy.com/a-strong-heart-variety-pack-chicken/dp/2350158,0,0,0,1
236320,https://www.chewy.com/nulo-freestyle-beef-beef-liver-kale/dp/236320,0,0,0,1
236322,https://www.chewy.com/nulo-freestyle-chicken-green-beans-in/dp/236322,0,0,0,1
236326,https://www.chewy.com/nulo-freestyle-lamb-mackerel-kelp-in/dp/236326,0,0,0,1
236328,https://www.chewy.com/nulo-freestyle-mackerel-chicken/dp/236328,0,0,0,1
236330,https://www.chewy.com/nulo-freestyle-chicken-salmon-carrot/dp/236330,0,0,0,1
2366798,https://www.chewy.com/stella-chewys-gourmet-pate-cage-free/dp/2366798,0,0,0,1
2366814,https://www.chewy.com/stella-chewys-gourmet-pate-cage-free/dp/2366814,0,0,0,1
2366830,https://www.chewy.com/stella-chewys-gourmet-stew-cage-free/dp/2366830,0,0,0,1
2366846,https://www.chewy.com/stella-chewys-gourmet-pate-cage-free/dp/2366846,0,0,0,1
2366870,https://www.chewy.com/stella-chewys-gourmet-stew-cage-free/dp/2366870,0,0,0,1
2366878,https://www.chewy.com/stella-chewys-gourmet-stew-beef-green/dp/2366878,0,0,0,1
236873,https://www.chewy.com/bixbi-liberty-limited-ingredient/dp/236873,0,0,0,1
236875,https://www.chewy.com/bixbi-liberty-limited-ingredient-beef/dp/236875,0,0,0,1
236877,https://www.chewy.com/bixbi-liberty-limited-ingredient-lamb/dp/236877,0,0,0,1
2376110,https://www.chewy.com/earth-animal-wisdom-air-dried-from/dp/2376110,0,0,0,0
2376142,https://www.chewy.com/earth-animal-wisdom-air-dried-from/dp/2376142,0,0,0,0
2376174,https://www.chewy.com/earth-animal-wisdom-air-dried-chicken/dp/2376174,0,0,0,0
237990,https://www.chewy.com/total-feeds-total-canine-dog-food-30/dp/237990,0,0,0,1
238824,https://www.chewy.com/blue-buffalo-basics-skin-stomach-care/dp/238824,0,0,0,1
240505,https://www.chewy.com/natures-logic-canine-beef-meal-feast/dp/240505,0,0,0,1
240508,https://www.chewy.com/natures-logic-canine-chicken-meal/dp/240508,0,0,0,1
241122,https://www.chewy.com/gentle-giants-natural-non-gmo-dog/dp/241122,0,0,0,1
241396,https://www.chewy.com/american-journey-protein-grains/dp/241396,0,0,0,1
241398,https://www.chewy.com/american-journey-protein-grains/dp/241398,0,0,0,1
241400,https://www.chewy.com/american-journey-protein-grainslarge/dp/241400,0,0,0,1
241402,https://www.chewy.com/american-journey-protein-grainslarge/dp/241402,0,0,0,1
241831,https://www.chewy.com/hills-science-diet-adult-sensitive/dp/241831,0,0,0,1
241833,https://www.chewy.com/hills-science-diet-adult-sensitive/dp/241833,0,0,0,1
241910,https://www.chewy.com/hills-science-diet-puppy-chicken/dp/241910,0,0,0,1
241914,https://www.chewy.com/hills-science-diet-adult-1-6-chicken/dp/241914,0,0,0,1
241919,https://www.chewy.com/hills-science-diet-adult-1-5-large/dp/241919,0,0,0,1
241923,https://www.chewy.com/hills-science-diet-adult-7-chicken/dp/241923,0,0,0,1
242472,https://www.chewy.com/annamaet-grain-free-sustain-formula/dp/242472,0,0,0,1
242473,https://www.chewy.com/annamaet-original-small-breed-formula/dp/242473,0,0,0,1
243868,https://www.chewy.com/i-love-you-naked-essentials-ancient/dp/243868,0,0,0,1
243870,https://www.chewy.com/i-love-you-naked-essentials-ancient/dp/243870,0,0,0,1
243919,https://www.chewy.com/hills-science-diet-variety-pack-adult/dp/243919,0,0,0,1
243921,https://www.chewy.com/hills-science-diet-variety-pack/dp/243921,0,0,0,1
243923,https://www.chewy.com/hills-science-diet-healthy-cuisine/dp/243923,0,0,0,1
243925,https://www.chewy.com/hills-science-diet-sensitive-stomach/dp/243925,0,0,0,1
243943,https://www.chewy.com/royal-canin-breed-health-nutrition/dp/243943,0,0,0,1
243945,https://www.chewy.com/royal-canin-breed-health-nutrition/dp/243945,0,0,0,1
243947,https://www.chewy.com/royal-canin-breed-health-nutrition/dp/243947,0,0,0,1
243949,https://www.chewy.com/royal-canin-breed-health-nutrition/dp/243949,0,0,0,1
244499,https://www.chewy.com/go-solutions-carnivore-grain-free/dp/244499,0,0,0,1
244500,https://www.chewy.com/go-solutions-carnivore-grain-free/dp/244500,0,0,0,1
244536,https://www.chewy.com/natures-logic-canine-chicken-meal/dp/244536,0,0,0,1
244537,https://www.chewy.com/natures-logic-canine-lamb-meal-feast/dp/244537,0,0,0,1
244538,https://www.chewy.com/natures-logic-canine-duck-salmon-meal/dp/244538,0,0,0,1
244539,https://www.chewy.com/natures-logic-canine-beef-meal-feast/dp/244539,0,0,0,1
244630,https://www.chewy.com/bixbi-rawbble-chicken-recipe-grain/dp/244630,0,0,0,1
244634,https://www.chewy.com/bixbi-rawbble-beef-recipe-grain-free/dp/244634,0,0,0,1
244638,https://www.chewy.com/bixbi-rawbble-duck-recipe-grain-free/dp/244638,0,0,0,1
244642,https://www.chewy.com/bixbi-rawbble-chicken-salmon-recipe/dp/244642,0,0,0,1
244646,https://www.chewy.com/bixbi-rawbble-lamb-recipe-grain-free/dp/244646,0,0,0,1
244650,https://www.chewy.com/bixbi-rawbble-pork-recipe-grain-free/dp/244650,0,0,0,1
244654,https://www.chewy.com/bixbi-rawbble-turkey-recipe-grain/dp/244654,0,0,0,1
244825,https://www.chewy.com/blue-buffalo-true-solutions-healthy/dp/244825,0,0,0,1
244847,https://www.chewy.com/blue-buffalo-true-solutions-perfect/dp/244847,0,0,0,1
244858,https://www.chewy.com/blue-buffalo-true-solutions-jolly/dp/244858,0,0,0,1
245363,https://www.chewy.com/purina-pro-plan-weight-management/dp/245363,0,0,0,1
245965,https://www.chewy.com/instinct-freeze-dried-raw-meals-cage/dp/245965,0,0,0,1
245969,https://www.chewy.com/instinct-freeze-dried-raw-meals-real/dp/245969,0,0,0,1
245975,https://www.chewy.com/instinct-raw-boost-whole-grain-real/dp/245975,0,0,0,1
245978,https://www.chewy.com/instinct-raw-boost-whole-grain-real/dp/245978,0,0,0,1
246645,https://www.chewy.com/go-solutions-sensitivities-limited/dp/246645,0,0,0,1
246646,https://www.chewy.com/go-solutions-sensitivities-limited/dp/246646,0,0,0,1
246647,https://www.chewy.com/go-solutions-skin-coat-care-pollock/dp/246647,0,0,0,1
246648,https://www.chewy.com/go-solutions-skin-coat-care-shredded/dp/246648,0,0,0,1
2471790,https://www.chewy.com/now-fresh-good-gravy-senior-chicken/dp/2471790,0,0,0,1
2471830,https://www.chewy.com/now-fresh-good-gravy-adult-chicken/dp/2471830,0,0,0,1
2472222,https://www.chewy.com/forza10-nutraceutic-active-urinary/dp/2472222,0,0,0,1
2472806,https://www.chewy.com/i-love-you-baked-saucy-lamb-sweet/dp/2472806,0,0,0,1
2475134,https://www.chewy.com/360-pet-nutrition-beef-grain-free/dp/2475134,0,0,0,1
2481854,https://www.chewy.com/orijen-tundra-epic-bites-freeze-dried/dp/2481854,0,0,0,0
248515,https://www.chewy.com/honest-kitchen-food-clusters-whole/dp/248515,0,0,0,1
248521,https://www.chewy.com/honest-kitchen-food-clusters-whole/dp/248521,0,0,0,1
248525,https://www.chewy.com/honest-kitchen-food-clusters-whole/dp/248525,0,0,0,1
248528,https://www.chewy.com/honest-kitchen-whole-food-clusters/dp/248528,0,0,0,1
248532,https://www.chewy.com/honest-kitchen-whole-food-clusters/dp/248532,0,0,0,1
248670,https://www.chewy.com/gentle-giants-natural-non-gmo-dog/dp/248670,0,0,0,1
248765,https://www.chewy.com/mazuri-exotic-canine-food-33-lb-bag/dp/248765,0,0,0,1
248821,https://www.chewy.com/natural-balance-limited-ingredient/dp/248821,0,0,0,1
248823,https://www.chewy.com/natural-balance-limited-ingredient/dp/248823,0,0,0,1
248835,https://www.chewy.com/natures-logic-canine-rabbit-meal/dp/248835,0,0,0,1
248839,https://www.chewy.com/wellness-core-rawrev-wholesome-grains/dp/248839,0,0,0,1
248845,https://www.chewy.com/wellness-core-rawrev-wholesome-grains/dp/248845,0,0,0,1
248849,https://www.chewy.com/wellness-core-rawrev-wholesome-grains/dp/248849,0,0,0,1
248852,https://www.chewy.com/wellness-core-wholesome-grains/dp/248852,0,0,0,1
248855,https://www.chewy.com/wellness-core-wholesome-grains-ocean/dp/248855,0,0,0,1
248865,https://www.chewy.com/wellness-core-rawrev-high-protein/dp/248865,0,0,0,1
248867,https://www.chewy.com/wellness-95-whitefish-natural-grain/dp/248867,0,0,0,1
249050,https://www.chewy.com/firstmate-chicken-rice-formula-cage/dp/249050,0,0,0,1
249052,https://www.chewy.com/firstmate-wild-pacific-salmon-rice/dp/249052,0,0,0,1
249054,https://www.chewy.com/firstmate-turkey-rice-formula-cage/dp/249054,0,0,0,1
2494158,https://www.chewy.com/natural-farm-beef-morsels-grain-free/dp/2494158,0,0,0,1
2494270,https://www.chewy.com/natural-farm-fresh-salmon-recipe/dp/2494270,0,0,0,1
2494310,https://www.chewy.com/natural-farm-adult-grain-free-95/dp/2494310,0,0,0,1
2494342,https://www.chewy.com/natural-farm-adult-grain-free-95/dp/2494342,0,0,0,1
2494398,https://www.chewy.com/natural-farm-adult-grain-free-95/dp/2494398,0,0,0,1
249504,https://www.chewy.com/purina-pro-plan-puppy-sensitive-skin/dp/249504,0,0,0,1
249508,https://www.chewy.com/purina-pro-plan-puppy-sensitive-skin/dp/249508,0,0,0,1
252765,https://www.chewy.com/merrick-grain-free-wet-dog-food-slow/dp/252765,0,0,0,1
252767,https://www.chewy.com/merrick-grain-free-wet-dog-food-slow/dp/252767,0,0,0,1
252769,https://www.chewy.com/merrick-grain-free-wet-dog-food-slow/dp/252769,0,0,0,1
252773,https://www.chewy.com/merrick-classic-healthy-grains-small/dp/252773,0,0,0,1
253187,https://www.chewy.com/zignature-select-cuts-turkey-formula/dp/253187,0,0,0,1
253191,https://www.chewy.com/zignature-select-cuts-lamb-lamb-meal/dp/253191,0,0,0,1
253195,https://www.chewy.com/zignature-select-cuts-trout-salmon/dp/253195,0,0,0,1
253572,https://www.chewy.com/merrick-chunky-recipes-grain-free-wet/dp/253572,0,0,0,1
253714,https://www.chewy.com/merrick-backcountry-raw-infused-grain/dp/253714,0,0,0,1
253718,https://www.chewy.com/merrick-backcountry-freeze-dried-raw/dp/253718,0,0,0,1
254383,https://www.chewy.com/caru-daily-dish-chicken-broth-human/dp/254383,0,0,0,1
254691,https://www.chewy.com/royal-canin-veterinary-diet-puppy/dp/254691,0,0,0,1
254698,https://www.chewy.com/royal-canin-veterinary-diet-puppy/dp/254698,0,0,0,1
255256,https://www.chewy.com/bixbi-rawbble-fresh-chicken-recipe/dp/255256,0,0,0,1
255259,https://www.chewy.com/bixbi-rawbble-fresh-duck-recipe/dp/255259,0,0,0,1
255262,https://www.chewy.com/bixbi-rawbble-fresh-lamb-recipe/dp/255262,0,0,0,1
255265,https://www.chewy.com/bixbi-rawbble-fresh-pork-recipe/dp/255265,0,0,0,1
255725,https://www.chewy.com/merrick-grain-free-favorites-wet-dog/dp/255725,0,0,0,1
255728,https://www.chewy.com/merrick-backcountry-raw-infused-puppy/dp/255728,0,0,0,1
255732,https://www.chewy.com/merrick-backcountry-chicken-free-raw/dp/255732,0,0,0,1
255736,https://www.chewy.com/merrick-backcountry-raw-infused-dry/dp/255736,0,0,0,1
256443,https://www.chewy.com/taste-wild-prey-turkey-formula/dp/256443,0,0,0,1
256446,https://www.chewy.com/taste-wild-prey-angus-beef-recipe/dp/256446,0,0,0,1
256449,https://www.chewy.com/taste-wild-prey-trout-formula-limited/dp/256449,0,0,0,1
258611,https://www.chewy.com/natures-logic-canine-venison-meal/dp/258611,0,0,0,1
258615,https://www.chewy.com/natures-logic-canine-sardine-meal/dp/258615,0,0,0,1
258617,https://www.chewy.com/natures-logic-canine-turkey-meal/dp/258617,0,0,0,1
258619,https://www.chewy.com/natures-logic-canine-pork-meal-feast/dp/258619,0,0,0,1
258817,https://www.chewy.com/merrick-backcountry-raw-infused-grain/dp/258817,0,0,0,1
258821,https://www.chewy.com/merrick-backcountry-raw-infused-grain/dp/258821,0,0,0,1
258823,https://www.chewy.com/merrick-backcountry-raw-infused-grain/dp/258823,0,0,0,1
258824,https://www.chewy.com/merrick-backcountry-raw-infused-grain/dp/258824,0,0,0,1
258994,https://www.chewy.com/weruva-lets-give-em-pumpkin-to-talk/dp/258994,0,0,0,1
259019,https://www.chewy.com/purpose-fish-veggie-grain-free-freeze/dp/259019,0,0,0,1
259040,https://www.chewy.com/dr-pol-high-energy-chicken-recipe-dry/dp/259040,0,0,0,1
259044,https://www.chewy.com/dr-pol-healthy-balance-salmon-recipe/dp/259044,0,0,0,1
259050,https://www.chewy.com/nulo-freestyle-duck-chickpeas-recipe/dp/259050,0,0,0,1
259051,https://www.chewy.com/nulo-freestyle-lamb-sweet-potato/dp/259051,0,0,0,1
259052,https://www.chewy.com/nulo-freestyle-turkey-lentils-recipe/dp/259052,0,0,0,1
260499,https://www.chewy.com/royal-canin-breed-health-nutrition/dp/260499,0,0,0,1
260509,https://www.chewy.com/royal-canin-breed-health-nutrition/dp/260509,0,0,0,1
260511,https://www.chewy.com/royal-canin-breed-health-nutrition/dp/260511,0,0,0,1
260626,https://www.chewy.com/almo-nature-hqs-natural-tuna-fillet/dp/260626,0,0,0,1
261559,https://www.chewy.com/livelong-healthy-strong-chicken-sweet/dp/261559,0,0,0,1
261561,https://www.chewy.com/livelong-healthy-strong-lamb-beef/dp/261561,0,0,0,1
261563,https://www.chewy.com/livelong-healthy-strong-salmon-sweet/dp/261563,0,0,0,1
261565,https://www.chewy.com/livelong-healthy-strong-bisonbuffalo/dp/261565,0,0,0,1
261567,https://www.chewy.com/livelong-healthy-strong-duck-sweet/dp/261567,0,0,0,1
261569,https://www.chewy.com/livelong-healthy-strong-pork-sweet/dp/261569,0,0,0,1
261571,https://www.chewy.com/livelong-healthy-strong-trout-sweet/dp/261571,0,0,0,1
261834,https://www.chewy.com/horizon-pulsar-whole-grain-chicken/dp/261834,0,0,0,1
261837,https://www.chewy.com/horizon-pulsar-whole-grain-pork/dp/261837,0,0,0,1
262422,https://www.chewy.com/nandi-bushveld-venison-meat-sprinkles/dp/262422,0,0,0,1
262759,https://www.chewy.com/merrick-slow-cooked-bbq-variety-pack/dp/262759,0,0,0,1
262775,https://www.chewy.com/lafeber-emeraid-sustain-hdn-senior/dp/262775,0,0,0,1
264432,https://www.chewy.com/natural-balance-limited-ingredient/dp/264432,0,0,0,1
264438,https://www.chewy.com/natural-balance-limited-ingredient/dp/264438,0,0,0,1
264443,https://www.chewy.com/natural-balance-limited-ingredient/dp/264443,0,0,0,1
264445,https://www.chewy.com/natural-balance-lid-limited/dp/264445,0,0,0,1
264447,https://www.chewy.com/natural-balance-limited-ingredient/dp/264447,0,0,0,1
266314,https://www.chewy.com/canidae-pure-all-stages-grain-free/dp/266314,0,0,0,1
269341,https://www.chewy.com/blue-buffalo-wilderness-beef-chicken/dp/269341,0,0,0,1
271079,https://www.chewy.com/chicken-soup-soul-grain-free-chicken/dp/271079,0,0,0,1
271082,https://www.chewy.com/chicken-soup-soul-grain-free-salmon/dp/271082,0,0,0,1
271085,https://www.chewy.com/chicken-soup-soul-grain-free-lamb-pea/dp/271085,0,0,0,1
271088,https://www.chewy.com/chicken-soup-soul-beef-legumes-recipe/dp/271088,0,0,0,1
273557,https://www.chewy.com/healthy-dogma-petmix-original-grain/dp/273557,0,0,0,1
273560,https://www.chewy.com/healthy-dogma-petmix-skin-coat/dp/273560,0,0,0,1
273563,https://www.chewy.com/healthy-dogma-petmix-mobility/dp/273563,0,0,0,1
273566,https://www.chewy.com/healthy-dogma-petmix-chicken-dinner/dp/273566,0,0,0,1
274812,https://www.chewy.com/royal-canin-breed-health-nutrition/dp/274812,0,0,0,1
277111,https://www.chewy.com/hills-prescription-diet/dp/277111,0,0,0,1
277113,https://www.chewy.com/hills-prescription-diet/dp/277113,0,0,0,1
277876,https://www.chewy.com/nulo-freestyle-grain-free-turkey/dp/277876,0,0,0,1
277877,https://www.chewy.com/nulo-freestyle-grain-free-lamb/dp/277877,0,0,0,1
277878,https://www.chewy.com/nulo-freestyle-grain-free-salmon-peas/dp/277878,0,0,0,1
277879,https://www.chewy.com/nulo-freestyle-senior-grain-free/dp/277879,0,0,0,1
277880,https://www.chewy.com/nulo-freestyle-cod-lentils-recipe/dp/277880,0,0,0,1
277883,https://www.chewy.com/nulo-freestyle-puppy-grain-free/dp/277883,0,0,0,1
277885,https://www.chewy.com/nulo-freestyle-turkey-sweet-potato/dp/277885,0,0,0,1
277887,https://www.chewy.com/nulo-freestyle-limited-turkey-recipe/dp/277887,0,0,0,1
277888,https://www.chewy.com/nulo-freestyle-limited-salmon-recipe/dp/277888,0,0,0,1
277889,https://www.chewy.com/nulo-frontrunner-ancient-grain-beef/dp/277889,0,0,0,1
277890,https://www.chewy.com/nulo-frontrunner-ancient-grains/dp/277890,0,0,0,1
277891,https://www.chewy.com/nulo-frontrunner-ancient-grains-pork/dp/277891,0,0,0,1
277892,https://www.chewy.com/nulo-frontrunner-ancient-grains/dp/277892,0,0,0,1
277893,https://www.chewy.com/nulo-frontrunner-ancient-grains/dp/277893,0,0,0,1
278494,https://www.chewy.com/hills-science-diet-adult-perfect/dp/278494,0,0,0,1
278999,https://www.chewy.com/wholesomes-sensitive-skin-stomach/dp/278999,0,0,0,1
279001,https://www.chewy.com/wholesomes-sensitive-skin-stomach/dp/279001,0,0,0,1
279090,https://www.chewy.com/dr-tims-kinesis-senior-dog-formula/dp/279090,0,0,0,1
279306,https://www.chewy.com/victor-realtree-max-5-pro-dry-dog/dp/279306,0,0,0,1
279311,https://www.chewy.com/victor-realtree-edge-energy-dry-dog/dp/279311,0,0,0,1
279387,https://www.chewy.com/nulo-freestyle-limited-alaska-pollock/dp/279387,0,0,0,1
279389,https://www.chewy.com/nulo-freestyle-salmon-turkey-recipe/dp/279389,0,0,0,1
280465,https://www.chewy.com/dr-garys-best-breed-freshwater-recipe/dp/280465,0,0,0,1
280468,https://www.chewy.com/dr-garys-best-breed-chicken-whitefish/dp/280468,0,0,0,1
281250,https://www.chewy.com/bixbi-liberty-beef-recipe-grain-free/dp/281250,0,0,0,1
281253,https://www.chewy.com/bixbi-liberty-fishermans-catch-grain/dp/281253,0,0,0,1
281256,https://www.chewy.com/bixbi-liberty-ranchers-red-fresh-beef/dp/281256,0,0,0,1
281259,https://www.chewy.com/bixbi-liberty-game-bird-feast-fresh/dp/281259,0,0,0,1
281451,https://www.chewy.com/nulo-freestyle-salmon-red-lentils/dp/281451,0,0,0,1
281731,https://www.chewy.com/blue-seal-native-level-3-dry-dog-food/dp/281731,0,0,0,1
281741,https://www.chewy.com/blue-seal-entrust-adult-pork-meal/dp/281741,0,0,0,1
281749,https://www.chewy.com/blue-seal-entrust-adult-chicken-meal/dp/281749,0,0,0,1
283683,https://www.chewy.com/country-vet-naturals-butcher-shop/dp/283683,0,0,0,1
284771,https://www.chewy.com/annamaet-original-31-senior-dry-dog/dp/284771,0,0,0,1
285966,https://www.chewy.com/orijen-fit-trim-grain-free-dry-dog/dp/285966,0,0,0,1
285973,https://www.chewy.com/acana-singles-limited-ingredient-diet/dp/285973,0,0,0,1
285977,https://www.chewy.com/acana-singles-limited-ingredient-diet/dp/285977,0,0,0,1
285981,https://www.chewy.com/acana-singles-limited-ingredient-diet/dp/285981,0,0,0,1
285991,https://www.chewy.com/acana-light-fit-recipe-grain-free/dp/285991,0,0,0,1
286001,https://www.chewy.com/orijen-tundra-grain-free-dry-dog-food/dp/286001,0,0,0,1
286004,https://www.chewy.com/orijen-small-breed-grain-free-dry-dog/dp/286004,0,0,0,1
286008,https://www.chewy.com/acana-singles-limited-ingredient-duck/dp/286008,0,0,0,1
286012,https://www.chewy.com/acana-puppy-recipe-grain-free-dry/dp/286012,0,0,0,1
286020,https://www.chewy.com/acana-singles-wholesome-grains/dp/286020,0,0,0,1
286023,https://www.chewy.com/acana-singles-wholesome-grains/dp/286023,0,0,0,1
286026,https://www.chewy.com/acana-wholesome-grains-red-meat/dp/286026,0,0,0,1
286029,https://www.chewy.com/acana-sea-to-stream-recipe-wholesome/dp/286029,0,0,0,1
286032,https://www.chewy.com/acana-free-run-poultry-recipe/dp/286032,0,0,0,1
287330,https://www.chewy.com/orijen-regional-red-grain-free-freeze/dp/287330,0,0,0,1
287333,https://www.chewy.com/orijen-tundra-grain-free-freeze-dried/dp/287333,0,0,0,1
287336,https://www.chewy.com/orijen-original-grain-free-freeze/dp/287336,0,0,0,1
287664,https://www.chewy.com/now-fresh-grain-free-puppy-recipe-dry/dp/287664,0,0,0,1
287667,https://www.chewy.com/now-fresh-grain-free-adult-recipe-dry/dp/287667,0,0,0,1
287670,https://www.chewy.com/now-fresh-grain-free-senior-formula/dp/287670,0,0,0,1
287672,https://www.chewy.com/now-fresh-grain-free-large-breed/dp/287672,0,0,0,1
287675,https://www.chewy.com/now-fresh-grain-free-large-breed/dp/287675,0,1,0,1
287686,https://www.chewy.com/now-fresh-grain-free-small-breed/dp/287686,0,1,0,1
287693,https://www.chewy.com/now-fresh-grain-free-adult-fish/dp/287693,0,0,0,1
287885,https://www.chewy.com/avoderm-advanced-sensitive-support/dp/287885,0,0,0,1
288121,https://www.chewy.com/pet-healthy-brands-appetizer-dog-cat/dp/288121,0,0,0,1
288129,https://www.chewy.com/american-natural-premium-turkey/dp/288129,0,0,0,1
288184,https://www.chewy.com/american-natural-premium-market-fresh/dp/288184,0,1,1,1
289717,https://www.chewy.com/ketogenic-pet-food-keto-correction/dp/289717,0,0,0,1
289720,https://www.chewy.com/ketogenic-pet-food-keto-kibble-dog/dp/289720,0,0,0,1
289728,https://www.chewy.com/ketogenic-pet-food-keto-salmon-freeze/dp/289728,0,0,0,1
289730,https://www.chewy.com/ketogenic-pet-food-beef-heart-liver/dp/289730,0,0,0,1
289732,https://www.chewy.com/ketogenic-pet-food-keto-foundation/dp/289732,0,0,0,1
289850,https://www.chewy.com/royal-canin-breed-health-nutrition/dp/289850,0,0,0,1
289857,https://www.chewy.com/purina-pro-plan-sport-active-all-life/dp/289857,0,0,0,1
289926,https://www.chewy.com/lucy-pet-products-kettle-creations/dp/289926,0,0,0,1
289928,https://www.chewy.com/lucy-pet-products-kettle-creations/dp/289928,0,0,0,1
289930,https://www.chewy.com/lucy-pet-products-kettle-creations/dp/289930,0,0,0,1
290029,https://www.chewy.com/new-zealand-natural-pet-food-co-woof/dp/290029,0,0,0,1
290125,https://www.chewy.com/halo-holistic-vegan-complete/dp/290125,0,0,0,1
290167,https://www.chewy.com/honest-kitchen-whole-grain-fish-oat/dp/290167,0,0,0,1
290170,https://www.chewy.com/honest-kitchen-whole-grain-veggie/dp/290170,0,0,0,1
290398,https://www.chewy.com/evangers-beef-bacon-grain-free-wet/dp/290398,0,0,0,1
290400,https://www.chewy.com/evangers-beef-chicken-liver-grain/dp/290400,0,0,0,1
290402,https://www.chewy.com/evangers-chicken-rice-dinner-gluten/dp/290402,0,0,0,1
290404,https://www.chewy.com/evangers-lamb-rice-dinner-wet-dog/dp/290404,0,0,0,1
290689,https://www.chewy.com/essence-limited-ingredient-recipe/dp/290689,0,0,0,1
290995,https://www.chewy.com/blue-buffalo-true-solutions-best-life/dp/290995,0,0,0,1
291011,https://www.chewy.com/blue-buffalo-true-solutions-livin/dp/291011,0,0,0,1
291241,https://www.chewy.com/merrick-backcountry-grain-free-real/dp/291241,0,0,0,1
291243,https://www.chewy.com/merrick-grain-free-real-texas-beef/dp/291243,0,0,0,1
291245,https://www.chewy.com/merrick-limited-ingredient-diet/dp/291245,0,0,0,1
291247,https://www.chewy.com/merrick-limited-ingredient-diet/dp/291247,0,0,0,1
291311,https://www.chewy.com/wellness-core-digestive-health/dp/291311,0,0,0,1
291314,https://www.chewy.com/wellness-core-digestive-health/dp/291314,0,0,0,1
291317,https://www.chewy.com/wellness-core-digestive-health/dp/291317,0,0,0,1
291319,https://www.chewy.com/wellness-core-digestive-health/dp/291319,0,0,0,1
291321,https://www.chewy.com/wellness-core-digestive-health-beef/dp/291321,0,0,0,1
291323,https://www.chewy.com/wellness-core-digestive-health-lamb/dp/291323,0,0,0,1
291423,https://www.chewy.com/side-by-side-warming-complete/dp/291423,0,0,0,1
291518,https://www.chewy.com/merrick-healthy-grains-senior-recipe/dp/291518,0,0,0,1
291520,https://www.chewy.com/merrick-healthy-grains-large-breed/dp/291520,0,0,0,1
291524,https://www.chewy.com/merrick-healthy-grains-real-salmon/dp/291524,0,0,0,1
291527,https://www.chewy.com/merrick-healthy-grains-healthy-weight/dp/291527,0,0,0,1
291636,https://www.chewy.com/merrick-healthy-grains-raw-coated/dp/291636,0,0,0,1
291640,https://www.chewy.com/merrick-healthy-grains-raw-coated/dp/291640,0,0,0,1
291644,https://www.chewy.com/merrick-healthy-grains-raw-coated/dp/291644,0,0,0,1
291648,https://www.chewy.com/merrick-healthy-grains-raw-coated/dp/291648,0,0,0,1
291849,https://www.chewy.com/dr-garys-best-breed-holistic-salmon/dp/291849,0,0,0,1
291855,https://www.chewy.com/dr-garys-best-breed-holistic-lamb/dp/291855,0,0,0,1
291858,https://www.chewy.com/dr-garys-best-breed-holistic-grain/dp/291858,0,0,0,1
291861,https://www.chewy.com/dr-garys-best-breed-holistic-grain/dp/291861,0,0,0,1
291868,https://www.chewy.com/dr-garys-best-breed-grain-free-red/dp/291868,0,0,0,1
291997,https://www.chewy.com/cesar-simply-crafted-chicken-duck/dp/291997,0,0,0,1
292258,https://www.chewy.com/health-extension-mediterranean-roast/dp/292258,0,0,0,1
292262,https://www.chewy.com/health-extension-carolina-skillet/dp/292262,0,0,0,1
292587,https://www.chewy.com/purina-one-plus-adult-joint-health/dp/292587,0,0,0,1
292689,https://www.chewy.com/diamond-pro89-beef-pork-ancient/dp/292689,0,0,0,1
293254,https://www.chewy.com/hills-science-diet-adult-perfect/dp/293254,0,0,0,1
293261,https://www.chewy.com/hills-science-diet-adult-perfect/dp/293261,0,0,0,1
293265,https://www.chewy.com/hills-science-diet-adult-7-perfect/dp/293265,0,0,0,1
293267,https://www.chewy.com/hills-science-diet-adult-7-perfect/dp/293267,0,0,0,1
293341,https://www.chewy.com/nutro-natural-choice-adult-chicken/dp/293341,0,0,0,1
2935502,https://www.chewy.com/firstmate-skoki-coastal-dry-dog-food/dp/2935502,0,0,0,1
2935574,https://www.chewy.com/firstmate-skoki-ranch-beef-flavor-dry/dp/2935574,0,0,0,1
2935902,https://www.chewy.com/firstmate-pork-rice-wet-dog-food-122/dp/2935902,0,0,0,1
2935910,https://www.chewy.com/firstmate-limited-ingredient-pork/dp/2935910,0,0,0,1
2939214,https://www.chewy.com/victor-bully-fuel-high-protein-gluten/dp/2939214,0,0,0,1
294322,https://www.chewy.com/acana-wholesome-grains-small-breed/dp/294322,0,0,0,1
295508,https://www.chewy.com/hills-prescription-diet-derm-complete/dp/295508,0,0,0,1
295512,https://www.chewy.com/hills-prescription-diet-derm-complete/dp/295512,0,0,0,1
2955358,https://www.chewy.com/blue-buffalo-homestyle-recipe-fish/dp/2955358,0,0,0,1
295584,https://www.chewy.com/purina-one-true-instinct-chicken-duck/dp/295584,0,0,0,1
296632,https://www.chewy.com/instinct-raw-meals-grass-fed-lamb/dp/296632,0,0,0,1
296637,https://www.chewy.com/instinct-raw-meals-cage-free-chicken/dp/296637,0,0,0,1
296664,https://www.chewy.com/bark-whiskers-healthy-pet-essentials/dp/296664,0,0,0,1
297693,https://www.chewy.com/chicken-soup-soul-classic-adult/dp/297693,0,0,0,1
297695,https://www.chewy.com/chicken-soup-soul-classic-adult/dp/297695,0,0,0,1
298042,https://www.chewy.com/purina-pro-plan-complete-essentials/dp/298042,0,0,0,1
298046,https://www.chewy.com/purina-pro-plan-specialized-beef-rice/dp/298046,0,0,0,1
298052,https://www.chewy.com/purina-pro-plan-development-sensitive/dp/298052,0,0,0,1
298056,https://www.chewy.com/purina-pro-plan-sensitive-skin/dp/298056,0,0,0,1
298067,https://www.chewy.com/rachael-ray-nutrish-zero-grain/dp/298067,0,0,0,1
298488,https://www.chewy.com/royal-canin-puppy-appetite/dp/298488,0,0,0,1
298489,https://www.chewy.com/royal-canin-canine-care-nutrition/dp/298489,0,0,0,1
298490,https://www.chewy.com/royal-canin-mature-8-canned-dog-food/dp/298490,0,0,0,1
298674,https://www.chewy.com/purina-pro-plan-specialized-shredded/dp/298674,0,0,0,1
298729,https://www.chewy.com/iams-lamb-rice-recipe-large-breed-dry/dp/298729,0,0,0,1
299094,https://www.chewy.com/royal-canin-size-health-nutrition/dp/299094,0,0,0,1
299096,https://www.chewy.com/royal-canin-beauty-healthy-skin-adult/dp/299096,0,0,0,1
299409,https://www.chewy.com/blue-buffalo-true-solutions-small/dp/299409,0,0,0,1
299428,https://www.chewy.com/purina-pro-plan-veterinary-diets-ha/dp/299428,0,0,0,1
302410,https://www.chewy.com/chicken-soup-soul-beef-brown-rice/dp/302410,0,0,0,1
302412,https://www.chewy.com/chicken-soup-soul-beef-brown-rice/dp/302412,0,0,0,1
302415,https://www.chewy.com/royal-canin-veterinary-diet-adult/dp/302415,0,0,0,1
302418,https://www.chewy.com/royal-canin-veterinary-diet-renal/dp/302418,0,0,0,1
302420,https://www.chewy.com/royal-canin-veterinary-diet-adult/dp/302420,0,0,0,1
302422,https://www.chewy.com/royal-canin-veterinary-diet-adult/dp/302422,0,0,0,1
303375,https://www.chewy.com/hills-prescription-diet-id-digestive/dp/303375,0,0,0,0
303516,https://www.chewy.com/natural-balance-limited-ingredient/dp/303516,0,0,0,1
306489,https://www.chewy.com/natural-balance-limited-ingredient/dp/306489,0,0,0,1
306492,https://www.chewy.com/natural-balance-limited-ingredient/dp/306492,0,0,0,1
306646,https://www.chewy.com/merrick-grain-free-slow-cooked-bbq/dp/306646,0,0,0,1
3079638,https://www.chewy.com/natures-logic-pure-naturals-100/dp/3079638,0,0,0,1
3079670,https://www.chewy.com/natures-logic-pure-naturals-100/dp/3079670,0,0,0,1
3079694,https://www.chewy.com/natures-logic-pure-naturals-100/dp/3079694,0,0,0,1
3079710,https://www.chewy.com/natures-logic-pure-naturals-100/dp/3079710,0,0,0,1
3079726,https://www.chewy.com/natures-logic-pure-naturals-100/dp/3079726,0,0,0,1
317969,https://www.chewy.com/stella-chewys-wild-red-raw-coated/dp/317969,0,0,0,1
317973,https://www.chewy.com/stella-chewys-wild-red-raw-coated/dp/317973,0,0,0,1
317976,https://www.chewy.com/stella-chewys-wild-red-raw-coated/dp/317976,0,0,0,1
317979,https://www.chewy.com/stella-chewys-wild-red-raw-coated/dp/317979,0,0,0,1
317983,https://www.chewy.com/stella-chewys-wild-red-raw-coated/dp/317983,0,0,0,1
317987,https://www.chewy.com/stella-chewys-wild-red-raw-coated/dp/317987,0,0,0,1
317990,https://www.chewy.com/stella-chewys-wild-red-raw-coated/dp/317990,0,0,0,1
317993,https://www.chewy.com/stella-chewys-wild-red-raw-blend/dp/317993,0,0,0,1
317996,https://www.chewy.com/stella-chewys-wild-red-raw-blend/dp/317996,0,0,0,1
317999,https://www.chewy.com/stella-chewys-wild-red-raw-blend/dp/317999,0,0,0,1
318081,https://www.chewy.com/victor-classic-elite-canine-dry-dog/dp/318081,0,0,0,1
31890,https://www.chewy.com/avoderm-original-chicken-meal-brown/dp/31890,0,0,0,1
31893,https://www.chewy.com/avoderm-weight-support-chicken-meal/dp/31893,0,0,0,1
31904,https://www.chewy.com/avoderm-chicken-meal-brown-rice/dp/31904,0,0,0,1
319056,https://www.chewy.com/blue-buffalo-life-protection-formula/dp/319056,0,0,0,0
319064,https://www.chewy.com/blue-buffalo-life-protection-formula/dp/319064,0,0,0,0
319226,https://www.chewy.com/diamond-naturals-chicken-rice-formula/dp/319226,0,0,0,0
319234,https://www.chewy.com/diamond-naturals-large-breed-adult/dp/319234,0,0,0,0
319240,https://www.chewy.com/diamond-naturals-large-breed-puppy/dp/319240,0,0,0,0
319502,https://www.chewy.com/hills-prescription-diet-zd-original/dp/319502,0,0,0,0
319504,https://www.chewy.com/hills-prescription-diet-zd-original/dp/319504,0,0,0,0
319520,https://www.chewy.com/hills-science-diet-adult-large-breed/dp/319520,0,0,0,0
319524,https://www.chewy.com/hills-science-diet-adult-large-breed/dp/319524,0,0,0,0
319538,https://www.chewy.com/hills-science-diet-adult-perfect/dp/319538,0,0,0,0
319552,https://www.chewy.com/hills-science-diet-adult-sensitive/dp/319552,0,0,0,0
319556,https://www.chewy.com/hills-science-diet-adult-sensitive/dp/319556,0,0,0,0
319558,https://www.chewy.com/hills-science-diet-adult-sensitive/dp/319558,0,0,0,0
319560,https://www.chewy.com/hills-science-diet-adult-sensitive/dp/319560,0,0,0,0
319562,https://www.chewy.com/hills-science-diet-adult-sensitive/dp/319562,0,0,0,0
319566,https://www.chewy.com/hills-science-diet-adult-sensitive/dp/319566,0,0,0,0
319570,https://www.chewy.com/hills-science-diet-adult-small-mini/dp/319570,0,0,0,0
319576,https://www.chewy.com/hills-science-diet-adult-small-bites/dp/319576,0,0,0,0
319590,https://www.chewy.com/iams-proactive-health-adult/dp/319590,0,0,0,0
319682,https://www.chewy.com/merrick-real-texas-beef-sweet-potato/dp/319682,0,0,0,0
319732,https://www.chewy.com/natures-recipe-grain-free-chicken/dp/319732,0,0,0,0
319736,https://www.chewy.com/natures-recipe-grain-free-salmon/dp/319736,0,0,0,0
319862,https://www.chewy.com/purina-beneful-healthy-weight-farm/dp/319862,0,0,0,0
319868,https://www.chewy.com/purina-beneful-originals-real-beef/dp/319868,0,0,0,0
31988,https://www.chewy.com/blue-buffalo-homestyle-recipe-fish/dp/31988,0,0,0,1
319890,https://www.chewy.com/purina-one-smartblend-healthy-weight/dp/319890,0,0,0,0
319894,https://www.chewy.com/purina-one-smartblend-lamb-rice-adult/dp/319894,0,0,0,0
319902,https://www.chewy.com/purina-one-smartblend-true-instinct/dp/319902,0,0,0,0
319912,https://www.chewy.com/purina-pro-plan-adult-7-shredded/dp/319912,0,0,0,0
319946,https://www.chewy.com/purina-pro-plan-adult-shredded-blend/dp/319946,0,0,0,0
319948,https://www.chewy.com/purina-pro-plan-adult-shredded-blend/dp/319948,0,0,0,0
319966,https://www.chewy.com/purina-pro-plan-adult-shredded-blend/dp/319966,0,0,0,0
319968,https://www.chewy.com/purina-pro-plan-adult-shredded-blend/dp/319968,0,0,0,0
319976,https://www.chewy.com/purina-pro-plan-adult-weight/dp/319976,0,0,0,0
320044,https://www.chewy.com/purina-pro-plan-sport-all-life-stages/dp/320044,0,0,0,0
320048,https://www.chewy.com/purina-pro-plan-sport-all-life-stages/dp/320048,0,0,0,0
320074,https://www.chewy.com/rachael-ray-nutrish-bright-natural/dp/320074,0,0,0,0
320076,https://www.chewy.com/rachael-ray-nutrish-dish-natural/dp/320076,0,0,0,0
320078,https://www.chewy.com/rachael-ray-nutrish-just-9-natural/dp/320078,0,0,0,0
320082,https://www.chewy.com/rachael-ray-nutrish-natural-beef-pea/dp/320082,0,0,0,0
320084,https://www.chewy.com/rachael-ray-nutrish-natural-beef-pea/dp/320084,0,0,0,0
320088,https://www.chewy.com/rachael-ray-nutrish-natural-chicken/dp/320088,0,0,0,0
320090,https://www.chewy.com/rachael-ray-nutrish-natural-chicken/dp/320090,0,0,0,0
320094,https://www.chewy.com/rachael-ray-nutrish-natural-turkey/dp/320094,0,0,0,0
320168,https://www.chewy.com/royal-canin-veterinary-diet/dp/320168,0,0,0,0
320170,https://www.chewy.com/royal-canin-veterinary-diet/dp/320170,0,0,0,0
32019,https://www.chewy.com/blue-buffalo-life-protection-formula/dp/32019,0,0,0,1
320216,https://www.chewy.com/taste-wild-ancient-stream-ancient/dp/320216,0,0,0,0
320232,https://www.chewy.com/taste-wild-pacific-stream-grain-free/dp/320232,0,0,0,0
320238,https://www.chewy.com/taste-wild-pacific-stream-puppy/dp/320238,0,0,0,0
320256,https://www.chewy.com/taste-wild-wetlands-grain-free-dry/dp/320256,0,0,0,0
320342,https://www.chewy.com/wellness-complete-health-adult/dp/320342,0,0,0,0
320350,https://www.chewy.com/wellness-complete-health-adult/dp/320350,0,0,0,0
32038,https://www.chewy.com/blue-buffalo-life-protection-formula/dp/32038,0,0,0,1
32041,https://www.chewy.com/blue-buffalo-life-protection-formula/dp/32041,0,0,0,1
32049,https://www.chewy.com/blue-buffalo-wilderness-salmon-recipe/dp/32049,0,0,0,1
32052,https://www.chewy.com/blue-buffalo-wilderness-chicken/dp/32052,0,0,0,1
32054,https://www.chewy.com/blue-buffalo-life-protection-formula/dp/32054,0,0,0,1
32057,https://www.chewy.com/blue-buffalo-basics-skin-stomach-care/dp/32057,0,0,0,1
32060,https://www.chewy.com/blue-buffalo-life-protection-formula/dp/32060,0,0,0,1
320600,https://www.chewy.com/rachael-ray-nutrish-natural-chicken/dp/320600,0,0,0,0
32062,https://www.chewy.com/blue-buffalo-life-protection-formula/dp/32062,0,0,0,1
32068,https://www.chewy.com/blue-buffalo-basics-skin-stomach-care/dp/32068,0,0,0,1
32072,https://www.chewy.com/blue-buffalo-life-protection-formula/dp/32072,0,0,0,1
32079,https://www.chewy.com/blue-buffalo-life-protection-formula/dp/32079,0,0,0,1
32082,https://www.chewy.com/blue-buffalo-life-protection-formula/dp/32082,0,0,0,1
32086,https://www.chewy.com/blue-buffalo-life-protection-formula/dp/32086,0,0,0,1
32094,https://www.chewy.com/blue-buffalo-life-protection-formula/dp/32094,0,0,0,1
32202,https://www.chewy.com/canidae-all-life-stages-chicken-rice/dp/32202,0,0,0,1
32204,https://www.chewy.com/canidae-all-life-stages-lamb-rice/dp/32204,0,0,0,1
32232,https://www.chewy.com/canidae-all-life-stages-chicken-lamb/dp/32232,0,0,0,1
323368,https://www.chewy.com/squarepet-square-egg-meat-free/dp/323368,0,0,0,1
323371,https://www.chewy.com/squarepet-vfs-skin-digestive-support/dp/323371,0,0,0,1
323374,https://www.chewy.com/squarepet-vfs-digestive-support-low/dp/323374,0,0,0,1
323377,https://www.chewy.com/squarepet-vfs-active-joints-hip-joint/dp/323377,0,0,0,1
323380,https://www.chewy.com/squarepet-vfs-ideal-digestion-dry-dog/dp/323380,0,0,0,1
323675,https://www.chewy.com/canidae-pure-wholesome-grains-real/dp/323675,0,0,0,1
323691,https://www.chewy.com/canidae-pure-wholesome-grains-limited/dp/323691,0,0,0,1
323694,https://www.chewy.com/canidae-pure-wholesome-grains-real/dp/323694,0,0,0,1
324176,https://www.chewy.com/blue-buffalo-basics-limited/dp/324176,0,0,0,0
324180,https://www.chewy.com/blue-buffalo-life-protection-formula/dp/324180,0,0,0,0
324196,https://www.chewy.com/blue-buffalo-wilderness-salmon/dp/324196,0,0,0,0
324430,https://www.chewy.com/hills-science-diet-adult-sensitive/dp/324430,0,0,0,0
324438,https://www.chewy.com/hills-science-diet-adult-small-paws/dp/324438,0,0,0,0
324472,https://www.chewy.com/instinct-be-natural-real-chicken/dp/324472,0,0,0,0
324474,https://www.chewy.com/instinct-be-natural-real-lamb-oatmeal/dp/324474,0,0,0,0
324480,https://www.chewy.com/instinct-limited-ingredient-diet/dp/324480,0,0,0,0
324482,https://www.chewy.com/instinct-limited-ingredient-diet/dp/324482,0,0,0,0
324498,https://www.chewy.com/instinct-raw-boost-puppy-grain-free/dp/324498,0,0,0,0
324582,https://www.chewy.com/natural-balance-lid-limited/dp/324582,0,0,0,0
324584,https://www.chewy.com/natural-balance-lid-limited/dp/324584,0,0,0,0
324684,https://www.chewy.com/nutro-natural-choice-small-bites/dp/324684,0,0,0,0
3249310,https://www.chewy.com/purina-pro-plan-veterinary-diets/dp/3249310,0,0,0,1
325024,https://www.chewy.com/wellness-complete-health-puppy/dp/325024,0,0,0,0
325042,https://www.chewy.com/wellness-core-grain-free-small-breed/dp/325042,0,0,0,0
325054,https://www.chewy.com/wellness-core-grain-free-senior/dp/325054,0,0,0,0
32506,https://www.chewy.com/evangers-grain-free-hand-packed/dp/32506,0,0,0,1
325062,https://www.chewy.com/wellness-core-rawrev-grain-free-small/dp/325062,0,0,0,0
32507,https://www.chewy.com/evangers-grain-free-hand-packed-hunk/dp/32507,0,0,0,1
325070,https://www.chewy.com/wellness-large-breed-complete-health/dp/325070,0,0,0,0
325072,https://www.chewy.com/wellness-large-breed-complete-health/dp/325072,0,0,0,0
325076,https://www.chewy.com/wellness-simple-limited-ingredient/dp/325076,0,0,0,0
325082,https://www.chewy.com/wellness-simple-limited-ingredient/dp/325082,0,0,0,0
325086,https://www.chewy.com/wellness-simple-limited-ingredient/dp/325086,0,0,0,0
325088,https://www.chewy.com/wellness-small-breed-complete-health/dp/325088,0,0,0,0
325090,https://www.chewy.com/wellness-small-breed-complete-health/dp/325090,0,0,0,0
325094,https://www.chewy.com/wellness-small-breed-complete-health/dp/325094,0,0,0,0
32510,https://www.chewy.com/evangers-grain-free-hand-packed/dp/32510,0,0,0,1
32513,https://www.chewy.com/evangers-grain-free-hand-packed-whole/dp/32513,0,0,0,1
3253238,https://www.chewy.com/purina-pro-plan-puppy-large-breed/dp/3253238,0,0,0,0
3253270,https://www.chewy.com/taste-wild-pacific-stream-grain-free/dp/3253270,0,0,0,0
3253398,https://www.chewy.com/farmina-nd-white-coat-sea-bass/dp/3253398,0,0,0,1
3253422,https://www.chewy.com/farmina-nd-white-coat-sea-bass/dp/3253422,0,0,0,1
3253438,https://www.chewy.com/farmina-nd-brown-coat-lamb-norwegian/dp/3253438,0,0,0,1
325619,https://www.chewy.com/royal-canin-veterinary-diet-recovery/dp/325619,0,0,0,1
325620,https://www.chewy.com/royal-canin-veterinary-diet-adult/dp/325620,0,0,0,1
3256622,https://www.chewy.com/canada-fresh-salmon-formula-dry-dog/dp/3256622,0,0,0,1
3256662,https://www.chewy.com/canada-fresh-lamb-formula-dry-dog/dp/3256662,0,0,0,1
3256918,https://www.chewy.com/smallbatch-pets-freeze-dried-turkey/dp/3256918,0,0,0,1
3273774,https://www.chewy.com/afreschi-air-dried-turkey-recipe/dp/3273774,0,0,0,1
3275422,https://www.chewy.com/variety-pack-pets-table-air-dried-dog/dp/3275422,0,0,1,1
327996,https://www.chewy.com/instinct-bites-lamb-recipe-grain-free/dp/327996,0,0,0,1
32813,https://www.chewy.com/holistic-select-large-giant-breed/dp/32813,0,0,0,1
328135,https://www.chewy.com/blue-buffalo-life-protection-formula/dp/328135,0,0,0,0
32818,https://www.chewy.com/holistic-select-adult-health-lamb/dp/32818,0,0,0,1
32824,https://www.chewy.com/holistic-select-adult-health-chicken/dp/32824,0,0,0,1
32833,https://www.chewy.com/holistic-select-large-giant-breed/dp/32833,0,0,0,1
328373,https://www.chewy.com/purina-one-smartblend-large-breed/dp/328373,0,0,0,0
328383,https://www.chewy.com/purina-one-smartblend-large-breed/dp/328383,0,0,0,0
328403,https://www.chewy.com/purina-pro-plan-puppy-chicken-rice/dp/328403,0,0,0,0
328551,https://www.chewy.com/american-journey-protein-grains/dp/328551,0,0,0,0
328561,https://www.chewy.com/american-journey-protein-grains/dp/328561,0,0,0,0
3300726,https://www.chewy.com/a-better-treat-allergy-friendly-ocean/dp/3300726,0,0,0,1
3300742,https://www.chewy.com/a-better-treat-allergy-friendly-lamb/dp/3300742,0,0,0,1
3300758,https://www.chewy.com/a-better-treat-allergy-friendly-lamb/dp/3300758,0,0,0,1
3307806,https://www.chewy.com/bundle-x-joy-golden-chicken-recipe/dp/3307806,0,0,0,1
3307830,https://www.chewy.com/bundle-x-joy-brave-lamb-recipe-dry/dp/3307830,0,0,0,1
3307854,https://www.chewy.com/bundle-x-joy-vibrant-salmon-recipe/dp/3307854,0,0,0,1
33188,https://www.chewy.com/natural-balance-original-ultra-beef/dp/33188,0,0,0,1
33190,https://www.chewy.com/natural-balance-original-ultra/dp/33190,0,0,0,1
33192,https://www.chewy.com/natural-balance-original-ultra-lamb/dp/33192,0,0,0,1
33196,https://www.chewy.com/natural-balance-vegetarian-formula/dp/33196,0,0,0,1
33199,https://www.chewy.com/natural-balance-lid-limited/dp/33199,0,0,0,1
33201,https://www.chewy.com/natural-balance-lid-limited/dp/33201,0,0,0,1
33203,https://www.chewy.com/natural-balance-limited-ingredient/dp/33203,0,0,0,1
332474,https://www.chewy.com/american-natural-premium-legume-free/dp/332474,0,0,0,1
3330454,https://www.chewy.com/honest-kitchen-wholemade-whole-grain/dp/3330454,0,0,0,1
3330478,https://www.chewy.com/honest-kitchen-wholemade-whole-grain/dp/3330478,0,0,0,1
3330510,https://www.chewy.com/honest-kitchen-wholemade-whole-grain/dp/3330510,0,0,0,1
3330534,https://www.chewy.com/honest-kitchen-wholemade-whole-grain/dp/3330534,0,0,0,1
333984,https://www.chewy.com/ketogenic-pet-food-chicken-dry-dog/dp/333984,0,0,0,1
333987,https://www.chewy.com/ketogenic-pet-food-keto-kibble-fat/dp/333987,0,0,0,1
335108,https://www.chewy.com/health-extension-little-bites-grain/dp/335108,0,0,0,1
335111,https://www.chewy.com/health-extension-little-bites-grain/dp/335111,0,0,0,1
335371,https://www.chewy.com/sportsmans-pride-premium-2618-formula/dp/335371,0,0,0,1
337742,https://www.chewy.com/daves-pet-food-gravylicious-turkey/dp/337742,0,0,0,1
338320,https://www.chewy.com/dr-mercola-adult-free-range-chicken/dp/338320,0,0,0,1
33857,https://www.chewy.com/royal-canin-breed-health-nutrition/dp/33857,0,0,0,1
33866,https://www.chewy.com/royal-canin-breed-health-nutrition/dp/33866,0,0,0,1
338689,https://www.chewy.com/sportsmans-pride-classic-2420-high/dp/338689,0,0,0,1
338691,https://www.chewy.com/sportsmans-pride-classic-2717-active/dp/338691,0,0,0,1
33870,https://www.chewy.com/royal-canin-breed-health-nutrition/dp/33870,0,0,0,1
33875,https://www.chewy.com/royal-canin-breed-health-nutrition/dp/33875,0,0,0,1
33886,https://www.chewy.com/royal-canin-breed-health-nutrition/dp/33886,0,0,0,1
33900,https://www.chewy.com/royal-canin-breed-health-nutrition/dp/33900,0,0,0,1
33902,https://www.chewy.com/royal-canin-breed-health-nutrition/dp/33902,0,0,0,1
33905,https://www.chewy.com/royal-canin-breed-health-nutrition/dp/33905,0,0,0,1
33917,https://www.chewy.com/royal-canin-breed-health-nutrition/dp/33917,0,0,0,1
33927,https://www.chewy.com/royal-canin-veterinary-diet-adult/dp/33927,0,0,0,1
33941,https://www.chewy.com/royal-canin-veterinary-diet-adult/dp/33941,0,0,0,1
33943,https://www.chewy.com/royal-canin-veterinary-diet-adult/dp/33943,0,0,0,1
33996,https://www.chewy.com/royal-canin-veterinary-diet-adult/dp/33996,0,0,0,1
33999,https://www.chewy.com/royal-canin-veterinary-diet-adult/dp/33999,0,0,0,1
34011,https://www.chewy.com/royal-canin-veterinary-diet-adult/dp/34011,0,0,0,1
34020,https://www.chewy.com/royal-canin-veterinary-diet-adult/dp/34020,0,0,0,1
34025,https://www.chewy.com/royal-canin-veterinary-diet-adult/dp/34025,0,0,0,1
34027,https://www.chewy.com/royal-canin-veterinary-diet-adult/dp/34027,0,0,0,1
34037,https://www.chewy.com/hills-science-diet-adult-sensitive/dp/34037,0,0,0,1
34098,https://www.chewy.com/hills-science-diet-adult-healthy/dp/34098,0,0,0,1
34111,https://www.chewy.com/hills-science-diet-adult-healthy/dp/34111,0,0,0,1
34117,https://www.chewy.com/hills-science-diet-adult-7-small-mini/dp/34117,0,0,0,1
34122,https://www.chewy.com/hills-science-diet-adult-small-mini/dp/34122,0,0,0,1
34127,https://www.chewy.com/hills-science-diet-puppy-chicken/dp/34127,0,0,0,1
34135,https://www.chewy.com/hills-science-diet-adult-7-chicken/dp/34135,0,0,0,1
34136,https://www.chewy.com/hills-science-diet-adult-7-small-mini/dp/34136,0,0,0,1
34137,https://www.chewy.com/hills-science-diet-adult-chicken-beef/dp/34137,0,0,0,1
34139,https://www.chewy.com/hills-science-diet-adult-light-small/dp/34139,0,0,0,1
34140,https://www.chewy.com/hills-science-diet-adult-chicken/dp/34140,0,0,0,1
34141,https://www.chewy.com/hills-science-diet-adult-small-mini/dp/34141,0,0,0,1
34150,https://www.chewy.com/hills-science-diet-adult-beef-barley/dp/34150,0,0,0,1
34152,https://www.chewy.com/hills-science-diet-adult-7-beef/dp/34152,0,0,0,1
342008,https://www.chewy.com/natural-balance-lid-limited/dp/342008,0,0,0,1
342320,https://www.chewy.com/petkind-beef-tripe-dry-dog-food-25-lb/dp/342320,0,0,0,1
34266,https://www.chewy.com/honest-kitchen-fruit-veggie-grain/dp/34266,0,0,0,1
34268,https://www.chewy.com/honest-kitchen-chicken-recipe-grain/dp/34268,0,0,0,1
34270,https://www.chewy.com/honest-kitchen-limited-ingredient/dp/34270,0,0,0,1
342719,https://www.chewy.com/natural-balance-original-ultra-fat/dp/342719,0,0,0,1
34272,https://www.chewy.com/honest-kitchen-turkey-recipe-grain/dp/34272,0,0,0,1
342723,https://www.chewy.com/natural-balance-platefulls-harvest/dp/342723,0,0,0,1
342725,https://www.chewy.com/natural-balance-original-ultra/dp/342725,0,0,0,1
342732,https://www.chewy.com/regal-pet-foods-large-breed-recipe/dp/342732,0,0,0,1
342736,https://www.chewy.com/regal-pet-foods-pastureland-recipe/dp/342736,0,0,0,1
34274,https://www.chewy.com/honest-kitchen-whole-grain-turkey/dp/34274,0,0,0,1
342740,https://www.chewy.com/regal-pet-foods-lean-recipe-dry-dog/dp/342740,0,0,0,1
342744,https://www.chewy.com/regal-pet-foods-puppy-recipe-dry-dog/dp/342744,0,0,0,1
342747,https://www.chewy.com/regal-pet-foods-large-breed-puppy/dp/342747,0,0,0,1
342751,https://www.chewy.com/regal-pet-foods-sensi-bites-turkey/dp/342751,0,0,0,1
342755,https://www.chewy.com/regal-pet-foods-ocean-recipe-salmon/dp/342755,0,0,0,1
34276,https://www.chewy.com/honest-kitchen-whole-grain-beef/dp/34276,0,0,0,1
34330,https://www.chewy.com/wellness-complete-health-healthy/dp/34330,0,0,0,1
34342,https://www.chewy.com/wellness-core-grain-free-original/dp/34342,0,0,0,1
34345,https://www.chewy.com/wellness-core-grain-free-reduced-fat/dp/34345,0,0,0,1
34356,https://www.chewy.com/wellness-large-breed-complete-health/dp/34356,0,0,0,1
34358,https://www.chewy.com/wellness-small-breed-complete-health/dp/34358,0,0,0,1
34361,https://www.chewy.com/wellness-complete-health-adult/dp/34361,0,0,0,1
34364,https://www.chewy.com/wellness-complete-health-puppy/dp/34364,0,0,0,1
34367,https://www.chewy.com/wellness-complete-health-senior/dp/34367,0,0,0,1
34370,https://www.chewy.com/wellness-complete-health-adult-lamb/dp/34370,0,0,0,1
34372,https://www.chewy.com/wellness-large-breed-complete-health/dp/34372,0,0,0,1
34375,https://www.chewy.com/wellness-complete-health-adult/dp/34375,0,0,0,1
343755,https://www.chewy.com/bixbi-liberty-puppy-original-recipe/dp/343755,0,0,0,1
34376,https://www.chewy.com/wellness-ninety-five-percent-beef/dp/34376,0,0,0,1
343760,https://www.chewy.com/bixbi-liberty-surf-n-turf-ocean/dp/343760,0,0,0,1
34377,https://www.chewy.com/wellness-ninety-five-percent-chicken/dp/34377,0,0,0,1
34378,https://www.chewy.com/wellness-ninety-five-percent-lamb/dp/34378,0,0,0,1
34380,https://www.chewy.com/wellness-ninety-five-percent-turkey/dp/34380,0,0,0,1
34381,https://www.chewy.com/wellness-beef-stew-carrots-potatoes/dp/34381,0,0,0,1
34382,https://www.chewy.com/wellness-complete-health-chicken/dp/34382,0,0,0,1
34384,https://www.chewy.com/wellness-chicken-stew-peas-carrots/dp/34384,0,0,0,1
34385,https://www.chewy.com/wellness-core-grain-free-whitefish/dp/34385,0,0,0,1
34387,https://www.chewy.com/wellness-core-grain-free-turkey/dp/34387,0,0,0,1
34389,https://www.chewy.com/wellness-complete-health-duck-sweet/dp/34389,0,0,0,1
34391,https://www.chewy.com/wellness-complete-health-just-puppy/dp/34391,0,0,0,1
34393,https://www.chewy.com/wellness-lamb-beef-stew-brown-rice/dp/34393,0,0,0,1
34394,https://www.chewy.com/wellness-complete-health-lamb-sweet/dp/34394,0,0,0,1
34396,https://www.chewy.com/wellness-complete-health-senior/dp/34396,0,0,0,1
34401,https://www.chewy.com/wellness-turkey-duck-stew-sweet/dp/34401,0,0,0,1
34402,https://www.chewy.com/wellness-complete-health-turkey-sweet/dp/34402,0,0,0,1
34404,https://www.chewy.com/wellness-turkey-stew-barley-carrots/dp/34404,0,0,0,1
34405,https://www.chewy.com/wellness-venison-salmon-stew-potatoes/dp/34405,0,0,0,1
344182,https://www.chewy.com/go-solutions-small-bites-limited/dp/344182,0,0,1,1
344397,https://www.chewy.com/lucy-pet-products-tactical-fuel/dp/344397,0,0,0,1
34535,https://www.chewy.com/wysong-adult-organic-chicken-canned/dp/34535,0,0,0,1
34551,https://www.chewy.com/ziwi-peak-lamb-grain-free-air-dried/dp/34551,0,0,0,1
346208,https://www.chewy.com/petkind-tripett-single-animal-protein/dp/346208,0,1,0,1
346212,https://www.chewy.com/petkind-tripett-sap-lamb-tripe-dry/dp/346212,0,1,0,1
346216,https://www.chewy.com/petkind-tripett-beef-tripe-venison/dp/346216,0,1,0,1
346225,https://www.chewy.com/petkind-tripett-red-meat-formula/dp/346225,0,0,0,1
34735,https://www.chewy.com/blue-buffalo-life-protection-formula/dp/34735,0,0,0,1
34800,https://www.chewy.com/nutro-ultra-high-protein-adult-dry/dp/34800,0,0,0,1
34804,https://www.chewy.com/nutro-ultra-adult-weight-management/dp/34804,0,0,0,1
34808,https://www.chewy.com/nutro-ultra-senior-dry-dog-food-30-lb/dp/34808,0,0,0,1
3486142,https://www.chewy.com/shepherd-boy-farms-chicken-recipe/dp/3486142,0,0,0,1
3488782,https://www.chewy.com/blue-buffalo-homestyle-recipe-senior/dp/3488782,0,0,0,1
3488790,https://www.chewy.com/blue-buffalo-homestyle-recipe-senior/dp/3488790,0,0,0,1
348960,https://www.chewy.com/ultimates-lamb-meal-brown-rice-dry/dp/348960,0,0,0,1
348963,https://www.chewy.com/ultimates-puppy-chicken-meal-rice/dp/348963,0,0,0,1
348965,https://www.chewy.com/ultimates-chicken-meal-brown/dp/348965,0,0,0,1
34909,https://www.chewy.com/diamond-naturals-small-medium-breed/dp/34909,0,0,0,1
34913,https://www.chewy.com/diamond-naturals-senior-formula-dry/dp/34913,0,0,0,1
34917,https://www.chewy.com/diamond-naturals-large-breed-puppy/dp/34917,0,0,0,1
34919,https://www.chewy.com/diamond-naturals-chicken-rice-formula/dp/34919,0,0,0,1
34921,https://www.chewy.com/diamond-naturals-beef-meal-rice/dp/34921,0,0,0,1
34924,https://www.chewy.com/diamond-naturals-light-formula-dry/dp/34924,0,0,0,1
34947,https://www.chewy.com/diamond-naturals-lamb-meal-rice/dp/34947,0,0,0,1
3494806,https://www.chewy.com/loyals-saints-beef-grain-free-adult/dp/3494806,0,0,0,1
3494854,https://www.chewy.com/loyals-saints-chicken-grain-free/dp/3494854,0,0,0,1
34950,https://www.chewy.com/diamond-puppy-formula-dry-dog-food-40/dp/34950,0,0,0,1
34956,https://www.chewy.com/diamond-performance-formula-adult-dry/dp/34956,0,0,0,1
3498086,https://www.chewy.com/essence-limited-ingredient-recipe/dp/3498086,0,0,0,1
3498094,https://www.chewy.com/essence-limited-ingredient-recipe/dp/3498094,0,0,0,1
35127,https://www.chewy.com/royal-canin-veterinary-diet-adult/dp/35127,0,0,0,1
35128,https://www.chewy.com/royal-canin-veterinary-diet-adult/dp/35128,0,0,0,1
35131,https://www.chewy.com/royal-canin-veterinary-diet-adult/dp/35131,0,0,0,1
35132,https://www.chewy.com/royal-canin-veterinary-diet-adult/dp/35132,0,0,0,1
35139,https://www.chewy.com/royal-canin-veterinary-diet-adult/dp/35139,0,0,0,1
352263,https://www.chewy.com/honest-kitchen-gourmet-grains-chicken/dp/352263,0,0,0,1
352269,https://www.chewy.com/honest-kitchen-gourmet-grains-beef/dp/352269,0,0,0,1
35258,https://www.chewy.com/canine-caviar-holistic-large-breed/dp/35258,0,0,0,1
3525806,https://www.chewy.com/muenster-grain-free-ocean-fish-recipe/dp/3525806,0,0,0,1
3525822,https://www.chewy.com/muenster-chicken-free-ocean-fish/dp/3525822,0,0,0,1
3525838,https://www.chewy.com/muenster-high-protein-chicken-recipe/dp/3525838,0,0,0,1
35293,https://www.chewy.com/honest-kitchen-fish-recipe-grain-free/dp/35293,0,1,0,1
3529526,https://www.chewy.com/forza10-active-echo-hydrolyzed/dp/3529526,0,0,0,1
3529542,https://www.chewy.com/forza10-dailypro-maintenance-grain/dp/3529542,0,0,0,1
3529566,https://www.chewy.com/forza10-dailypro-sensitive-skin-grain/dp/3529566,0,0,0,1
3529590,https://www.chewy.com/firstmate-adult-grain-friendly-high/dp/3529590,0,0,0,1
3529606,https://www.chewy.com/firstmate-adult-limited-ingredient/dp/3529606,0,0,0,1
35357,https://www.chewy.com/royal-canin-veterinary-diet-adult/dp/35357,0,0,0,1
35359,https://www.chewy.com/royal-canin-veterinary-diet-adult/dp/35359,0,0,0,1
35377,https://www.chewy.com/royal-canin-veterinary-diet-adult/dp/35377,0,0,0,1
3540526,https://www.chewy.com/justfoodfordogs-adult-frozen-human/dp/3540526,0,0,0,1
3540590,https://www.chewy.com/justfoodfordogs-adult-frozen-human/dp/3540590,0,0,0,1
35409,https://www.chewy.com/royal-canin-size-health-nutrition/dp/35409,0,0,0,1
35413,https://www.chewy.com/royal-canin-canine-care-nutrition/dp/35413,0,0,0,1
35420,https://www.chewy.com/royal-canin-size-health-nutrition/dp/35420,0,0,0,1
35423,https://www.chewy.com/royal-canin-size-health-nutrition/dp/35423,0,0,0,1
35433,https://www.chewy.com/k9-natural-lamb-feast-raw-grain-free/dp/35433,0,0,0,1
35435,https://www.chewy.com/k9-natural-beef-feast-raw-grain-free/dp/35435,0,0,0,1
3547942,https://www.chewy.com/zeal-new-zealand-high-protein-grain/dp/3547942,0,0,0,1
35484,https://www.chewy.com/honest-kitchen-beef-recipe-grain-free/dp/35484,0,0,0,1
35621,https://www.chewy.com/royal-canin-veterinary-diet/dp/35621,0,0,0,1
35624,https://www.chewy.com/halo-holistic-chicken-brown-rice/dp/35624,0,0,0,1
35758,https://www.chewy.com/avoderm-natural-puppy-chicken-meal/dp/35758,0,0,0,1
35760,https://www.chewy.com/avoderm-original-lamb-meal-brown-rice/dp/35760,0,0,0,1
35761,https://www.chewy.com/avoderm-senior-chicken-meal-brown/dp/35761,0,0,0,1
3580382,https://www.chewy.com/bil-jac-sensitive-solutions-digestive/dp/3580382,0,0,0,1
358045,https://www.chewy.com/purina-pro-plan-sport-performance-all/dp/358045,0,0,0,1
358053,https://www.chewy.com/purina-pro-plan-sport-high-protein/dp/358053,0,0,0,1
358055,https://www.chewy.com/purina-pro-plan-sport-high-protein/dp/358055,0,0,0,1
358059,https://www.chewy.com/purina-pro-plan-sport-high-protein/dp/358059,0,0,0,1
358061,https://www.chewy.com/purina-pro-plan-sport-high-protein/dp/358061,0,0,0,1
358063,https://www.chewy.com/purina-pro-plan-sport-high-protein/dp/358063,0,0,0,1
3583751,https://www.chewy.com/purina-pro-plan-advantedge-senior/dp/3583751,0,0,0,1
3583783,https://www.chewy.com/purina-pro-plan-advantedge-senior/dp/3583783,0,0,0,1
3583807,https://www.chewy.com/purina-pro-plan-advantedge-senior/dp/3583807,0,0,0,1
3583831,https://www.chewy.com/purina-pro-plan-advantedge-digestive/dp/3583831,0,0,0,1
3583871,https://www.chewy.com/purina-pro-plan-advantedge-digestive/dp/3583871,0,0,0,1
3583895,https://www.chewy.com/purina-pro-plan-advantedge-digestive/dp/3583895,0,0,0,1
3590054,https://www.chewy.com/kiwi-country-beef-nz-green-mussel-wet/dp/3590054,0,0,0,1
3590070,https://www.chewy.com/kiwi-country-lamb-nz-green-mussel-wet/dp/3590070,0,0,0,1
35934,https://www.chewy.com/blue-buffalo-freedom-adult-chicken/dp/35934,0,0,0,1
35938,https://www.chewy.com/blue-buffalo-freedom-small-breed/dp/35938,0,0,0,1
35943,https://www.chewy.com/blue-buffalo-freedom-small-breed/dp/35943,0,0,0,1
359801,https://www.chewy.com/chicken-soup-soul-large-breed-chicken/dp/359801,0,0,0,1
35982,https://www.chewy.com/blue-buffalo-freedom-large-breed/dp/35982,0,0,0,1
35985,https://www.chewy.com/blue-buffalo-freedom-puppy-chicken/dp/35985,0,0,0,1
3599606,https://www.chewy.com/formula-raw-beef-grain-free-adult/dp/3599606,0,0,0,1
3599630,https://www.chewy.com/formula-raw-lamb-grain-free-adult/dp/3599630,0,0,0,1
3599662,https://www.chewy.com/formula-raw-kangaroo-lamb-grain-free/dp/3599662,0,0,0,1
3599694,https://www.chewy.com/formula-raw-duck-beef-grain-free/dp/3599694,0,0,0,1
3611822,https://www.chewy.com/vital-essentials-frozen-raw-patties/dp/3611822,0,0,0,1
3611854,https://www.chewy.com/vital-essentials-frozen-raw-patties/dp/3611854,0,0,0,1
3611902,https://www.chewy.com/vital-essentials-raw-fusion-frozen-47/dp/3611902,0,0,0,1
3611910,https://www.chewy.com/vital-essentials-raw-fusion-frozen-47/dp/3611910,0,0,0,1
3611918,https://www.chewy.com/vital-essentials-frozen-raw-patties/dp/3611918,0,0,0,1
3612742,https://www.chewy.com/pivotal-total-k-9-flex-hip-joint/dp/3612742,0,0,0,1
3614614,https://www.chewy.com/hunters-special-maintenance-formula/dp/3614614,0,0,0,1
3614622,https://www.chewy.com/hunters-special-hi-protein-chicken/dp/3614622,0,0,0,1
3614646,https://www.chewy.com/hunters-special-high-energy-formula/dp/3614646,0,0,0,1
3614670,https://www.chewy.com/hunters-special-performance-plus/dp/3614670,0,0,0,1
3615502,https://www.chewy.com/a-strong-heart-chicken-liver-recipe-wet/dp/3615502,0,0,0,1
3615558,https://www.chewy.com/a-strong-heart-filet-mignon-in-gravy/dp/3615558,0,0,0,1
3615598,https://www.chewy.com/a-strong-heart-country-stew-wet-dog/dp/3615598,0,0,0,1
36164,https://www.chewy.com/royal-canin-veterinary-diet-adult/dp/36164,0,0,0,1
3616958,https://www.chewy.com/bully-max-3020-high-protein-fat-beef/dp/3616958,0,0,0,1
3628918,https://www.chewy.com/essence-limited-ingredient-recipe-dry/dp/3628918,0,0,0,1
3630911,https://www.chewy.com/bark-in-belly-high-protein-salmon/dp/3630911,0,0,0,1
3632350,https://www.chewy.com/vital-essentials-frozen-raw-patties/dp/3632350,0,0,0,1
3634606,https://www.chewy.com/vital-essentials-frozen-raw-patties/dp/3634606,0,0,0,1
36399,https://www.chewy.com/iams-proactive-health-minichunks/dp/36399,0,0,0,1
3649238,https://www.chewy.com/addiction-wild-islands-island-adult/dp/3649238,0,0,0,1
3649246,https://www.chewy.com/addiction-wild-islands-new-zealand/dp/3649246,0,0,0,1
3649254,https://www.chewy.com/addiction-wild-islands-highland-adult/dp/3649254,0,0,0,1
364937,https://www.chewy.com/orijen-original-dry-dog-food-freeze/dp/364937,0,0,0,0
364947,https://www.chewy.com/orijen-original-tundra-freeze-dried/dp/364947,0,0,0,0
36498,https://www.chewy.com/grandma-lucys-artisan-chicken-grain/dp/36498,0,0,0,1
36500,https://www.chewy.com/grandma-lucys-artisan-pork-grain-free/dp/36500,0,0,0,1
36501,https://www.chewy.com/grandma-lucys-artisan-venison-grain/dp/36501,0,0,0,1
36504,https://www.chewy.com/grandma-lucys-artisan-grain/dp/36504,0,0,0,1
36509,https://www.chewy.com/grandma-lucys-pureformance-chicken/dp/36509,0,0,0,1
36510,https://www.chewy.com/grandma-lucys-pureformance-lamb-grain/dp/36510,0,0,0,1
3651238,https://www.chewy.com/daves-pet-food-carbolight/dp/3651238,0,0,0,1
36570,https://www.chewy.com/canidae-pure-all-stages-grain-free/dp/36570,0,0,0,1
36572,https://www.chewy.com/canidae-pure-all-stages-grain-free/dp/36572,0,0,0,1
36576,https://www.chewy.com/canidae-pure-all-stages-grain-free/dp/36576,0,0,0,1
3661038,https://www.chewy.com/k9-natural-new-zealand-lamb-venison/dp/3661038,0,0,0,1
36657,https://www.chewy.com/natures-recipe-grain-free-chicken/dp/36657,0,0,0,1
36660,https://www.chewy.com/natures-recipe-grain-free-salmon/dp/36660,0,0,0,1
36718,https://www.chewy.com/blue-buffalo-wilderness-puppy-chicken/dp/36718,0,0,0,1
36733,https://www.chewy.com/zignature-limited-ingredient-formula/dp/36733,0,0,0,1
36736,https://www.chewy.com/zignature-lamb-limited-ingredient/dp/36736,0,0,0,1
36739,https://www.chewy.com/zignature-turkey-limited-ingredient/dp/36739,0,0,0,1
3674270,https://www.chewy.com/natural-balance-health-protection/dp/3674270,0,0,0,1
3674374,https://www.chewy.com/canidae-all-life-stages-large-breed/dp/3674374,0,0,0,1
3677390,https://www.chewy.com/gunnis-taste-iceland-salmon-cod-liver/dp/3677390,0,0,0,1
3677398,https://www.chewy.com/gunnis-taste-iceland-arctic-char-cod/dp/3677398,0,0,0,1
3677414,https://www.chewy.com/gunnis-taste-iceland-herring-cod/dp/3677414,0,0,0,1
3677430,https://www.chewy.com/gunnis-taste-iceland-cod-capelin/dp/3677430,0,0,0,1
368302,https://www.chewy.com/team-dog-chicken-meal-sweet-potato/dp/368302,0,0,0,1
368304,https://www.chewy.com/team-dog-salmon-meal-herring-meal/dp/368304,0,0,0,1
368306,https://www.chewy.com/team-dog-chicken-meal-sweet-potato/dp/368306,0,0,0,1
368308,https://www.chewy.com/team-dog-salmon-meal-herring-meal/dp/368308,0,0,0,1
368341,https://www.chewy.com/ultimates-whitefish-meal-rice-dry-dog/dp/368341,0,0,0,1
368344,https://www.chewy.com/ultimates-sensitive-salmon-protein/dp/368344,0,0,0,1
368347,https://www.chewy.com/ultimates-sensitive-lamb-protein-dry/dp/368347,0,0,0,1
36851,https://www.chewy.com/wellness-simple-limited-ingredient/dp/36851,0,0,0,1
36855,https://www.chewy.com/wellness-simple-limited-ingredient/dp/36855,0,0,0,1
36859,https://www.chewy.com/wellness-simple-limited-ingredient/dp/36859,0,0,0,1
36892,https://www.chewy.com/wellness-simple-limited-ingredient/dp/36892,0,0,0,1
3692014,https://www.chewy.com/zignature-inception-fish-meal-recipe/dp/3692014,0,0,0,1
3692022,https://www.chewy.com/zignature-inception-chicken-recipe/dp/3692022,0,0,0,1
3692038,https://www.chewy.com/zignature-inception-pork-meal-recipe/dp/3692038,0,0,0,1
3692062,https://www.chewy.com/zignature-inception-pork-meal-recipe/dp/3692062,0,0,0,1
3692078,https://www.chewy.com/zignature-inception-chicken-meal/dp/3692078,0,0,0,1
3692102,https://www.chewy.com/zignature-inception-fish-meal-recipe/dp/3692102,0,0,0,1
3698342,https://www.chewy.com/blue-buffalo-life-protection-formula/dp/3698342,0,0,0,1
3698374,https://www.chewy.com/blue-buffalo-life-protection-formula/dp/3698374,0,0,0,1
3698406,https://www.chewy.com/blue-buffalo-life-protection-formula/dp/3698406,0,0,0,1
3698974,https://www.chewy.com/blue-buffalo-love-made-fresh-beef/dp/3698974,0,0,0,1
3698990,https://www.chewy.com/blue-buffalo-love-made-fresh-fresh/dp/3698990,0,0,0,1
3699006,https://www.chewy.com/blue-buffalo-love-made-fresh-chicken/dp/3699006,0,0,0,1
3699030,https://www.chewy.com/blue-buffalo-love-made-fresh-fresh/dp/3699030,0,0,0,1
370272,https://www.chewy.com/royal-canin-veterinary-diet-adult/dp/370272,0,0,0,1
370322,https://www.chewy.com/sportsmans-pride-field-master/dp/370322,0,0,0,1
370324,https://www.chewy.com/sportsmans-pride-field-master-2618/dp/370324,0,0,0,1
370326,https://www.chewy.com/sportsmans-pride-field-master-3020/dp/370326,0,0,0,1
37040,https://www.chewy.com/blue-buffalo-basics-skin-stomach-care/dp/37040,0,0,0,1
3704286,https://www.chewy.com/lone-wolf-ranch-power-foods-complete/dp/3704286,0,0,0,1
3704294,https://www.chewy.com/lone-wolf-ranch-power-foods-complete/dp/3704294,0,0,0,1
37043,https://www.chewy.com/blue-buffalo-basics-skin-stomach-care/dp/37043,0,0,0,1
37047,https://www.chewy.com/blue-buffalo-basics-skin-stomach-care/dp/37047,0,0,0,1
37049,https://www.chewy.com/blue-buffalo-life-protection-formula/dp/37049,0,0,0,1
37060,https://www.chewy.com/blue-buffalo-basics-skin-stomach-care/dp/37060,0,0,0,1
37063,https://www.chewy.com/blue-buffalo-basics-skin-stomach-care/dp/37063,0,0,0,1
37065,https://www.chewy.com/blue-buffalo-basics-skin-stomach-care/dp/37065,0,0,0,1
37077,https://www.chewy.com/blue-buffalo-basics-skin-stomach-care/dp/37077,0,0,0,1
37166,https://www.chewy.com/wellness-core-grain-free-puppy/dp/37166,0,0,0,1
37168,https://www.chewy.com/wellness-core-grain-free-small-breed/dp/37168,0,0,0,1
37169,https://www.chewy.com/wellness-core-grain-free-beef-venison/dp/37169,0,0,0,1
37177,https://www.chewy.com/wellness-core-grain-free-weight/dp/37177,0,0,0,1
3721638,https://www.chewy.com/purina-one-whole-body-support-chicken/dp/3721638,0,0,0,1
37233,https://www.chewy.com/wellness-small-breed-complete-health/dp/37233,0,0,0,1
3725366,https://www.chewy.com/royal-canin-breed-health-nutrition/dp/3725366,0,0,1,1
3728150,https://www.chewy.com/royal-canin-veterinary-diet-canine/dp/3728150,0,0,0,1
37288,https://www.chewy.com/nutro-ultra-grain-free-trio-protein/dp/37288,0,0,0,1
3729974,https://www.chewy.com/bully-max-2414-high-protein-growth/dp/3729974,0,0,0,1
3730158,https://www.chewy.com/iams-proactive-health-adult-chicken/dp/3730158,0,0,0,1
37308,https://www.chewy.com/wellness-simple-limited-ingredient/dp/37308,0,0,0,1
373890,https://www.chewy.com/wellness-core-digestive-health-age/dp/373890,0,0,0,1
373893,https://www.chewy.com/wellness-core-digestive-health-puppy/dp/373893,0,0,0,1
3758102,https://www.chewy.com/iams-proactive-health-high-protein/dp/3758102,0,0,0,1
37656,https://www.chewy.com/royal-canin-breed-health-nutrition/dp/37656,0,0,0,1
37658,https://www.chewy.com/royal-canin-breed-health-nutrition/dp/37658,0,0,0,1
37687,https://www.chewy.com/purina-one-smartblend-vibrant/dp/37687,0,0,0,1
37688,https://www.chewy.com/purina-one-plus-adult-skin-coat/dp/37688,0,0,0,1
37748,https://www.chewy.com/evangers-super-premium-chicken-brown/dp/37748,0,0,0,1
37758,https://www.chewy.com/evangers-grain-free-buffalo-canned/dp/37758,0,0,0,1
37759,https://www.chewy.com/evangers-grain-free-duck-canned-dog/dp/37759,0,0,0,1
37761,https://www.chewy.com/evangers-grain-free-beef-canned-dog/dp/37761,0,0,0,1
3776726,https://www.chewy.com/finleys-beef-brown-rice-vegetable/dp/3776726,0,0,0,1
37769,https://www.chewy.com/holistic-select-adult-puppy-grain/dp/37769,0,0,0,1
3780254,https://www.chewy.com/daves-pet-food-stewlicious-chunky/dp/3780254,0,0,0,1
3780286,https://www.chewy.com/daves-pet-food-stewlicious-grain-free/dp/3780286,0,0,0,1
3780294,https://www.chewy.com/daves-pet-food-stewlicious-grain-free/dp/3780294,0,0,0,1
3780302,https://www.chewy.com/daves-pet-food-stewlicious-grain-free/dp/3780302,0,0,0,1
3780318,https://www.chewy.com/daves-pet-food-stewlicious-shepherds/dp/3780318,0,0,0,1
37828,https://www.chewy.com/dr-tims-grain-free-kinesis-formula/dp/37828,0,0,0,1
37829,https://www.chewy.com/api/event/p/sar/click?adsOrigin=aspen1&id=90730e056f2742efa9f8c44ec6bdd281&x=H4sIAAAAAAAA_51Ya3OqTBL-L37O5sAARvJlyytiORgVQai36hS36HCTRVTgrf3vb89gcoyJibupShX29Dx9mZ6eeebvluOrfuv5qY06MteWOw8tLw-cghwDKpY6nbbMdWThofUak822YLrCU7sjoCeq6ySZQzYp0xUkroM4gX8AzGOQF2Qf5HRA4OU2J4F2lpNdToqKCpHYliVQ9WLiRas8bj23tkWR7Z9__Qr-xfNSp_3o-HWQR49pUPzK_x38deA4wQ-qCVLDHcFLsdT66l5NRvR3jfUI4cFKnPYnW7-vtrFu1fBN2Hf_RCzEkVm4qjW9K-KwW-MllW1AZlW4np9AN3QqtR0IHGBqFWDys8EGzUB_pmOQLTJmF40SrKjIQqMIJytJG8C3ORQ1fS7aoVdqtSdoaBRaoUUAM3JIY98xIzIjqoQHXo2V1UnT7QSHHocTI7H0OJkpmNMUI9SSSWQPVBEvaWyLgsYGOIkFvmm1Vc0G0UkLIxpn4vapDAtauKkBi8oyD2RqiA84HJ6m4VCAPEF8EfUl9wEDMKtg2Ytc5G3sRD7a_TLy0uj8zeR7W5FTVWF6iYvkaKpoWzeJDzbMY7ps3D66aL6_-N7Y44k0Va7wx3hP5e86iVwB9tEWbsirS3_KS5xr_PN8OqfxU1WKzEome3tZXvj5layx6aOYc_q91EtGmUs-j1vmgnfH89t21viLMfvokd7WHht7n8YuTLaOKW6u9T7lqd8LHSUOHWQcpo0e9ecNP7PX8495_84uW0e_no57lSss4jvtC856sVMVv7LM-OBVn_PhjSdHXzFYrtg8hvknvxdYbK6DYmIlZUyx_uh_ldtR5Jsl98G_cS-GOM6xUV8bfzzEb13l9D_koqxdc7R3-71r_z7mtpEnrqAybO9DHTZyNzGEj7V7YXPsZ76y2Vhom1moiL-qJw-BH6Z8mI61_Os1ecvln302VWS27659h7WIXTPm3WXv5Aoa2I6Pn20uXr_Ve9_z_k29j-t2Ey-0TClzk9WnmNZCr7JNPvNNbuMpcg01lrlI_NQ3bupd4Xm8fPISo3DWRqGOe0eP7mGa04t-dV5_tge-x73qPXdg_xzPomb1anyL9W3Or-vmbR_dkSOoqwlxFeNu7A89MP7J5_cabPbW6G79N79-WI9bfVS7Fc-5d1-fSz_U_WWPf9uvt2M_9-L4B8w49i97zP25Yb3l3A-b3nOrDr_p53fn9dynmnNJun893m1Ld_SKcx-7vQcu1pnl4-f6uLqTvJ0Z3_v_-Vy5pe8pBnd3PxprhWWW-_8r_5d1fatGvsC_p6c45kUM7_esm3vnm_Pthzmf-8f73eX-eoI7pcIfb-67G2fkLfy3Hqn-3F-P7Jy68_wJku1_NDNOvdRuB-aksEJVAp4Ad3NJgLt5ifWVqJET8RQMXILK5RPIK3rnd9ddKqPcIvLYXd064Hp4wvUGuEr31PwP6T3_AHMEjYjAY7r1bGCd3seBp9iKBzgemoa4xAMsauHb3G4J2PGZGxxmA4xmgzkHstRdNrzDpj4kEg93pr2a9iivqbSBJWk62E0n3JlfVB7F0LvU19paUg4BflJ-lWqE8h5nyZ1s0xKxropavdhqyhy4FPApwnRozKUWDqWZvqG_OZYbykt0xkt4h3EPI7YH8Ra4iTTVh-VM9woNuJRNOBGjlTDVMYd1zONaiyx9VdqUA6XZoeF3K8gLxYbzldqqPfBlWGvhHPzxJLBxcgnjN5kfdinfSWle_PGEt2kOOVifdFH55gry7VMM4ib0bsV4VkgxYQ4XUIxoVNjrCZwLw6MOe2LNx0cv2VNMQvMKHLSw1ovQ6bPv3F7HgitMIooJvPAAPfKiDt_Pg_kqMrSlYWjqqPey4uLVciXP1JTyTR56_yLzlBLuoiqs9fD0Cj5D_UJesye6bnCm8ZawmNiU3yUxB7UaWeHuOK2HpaZv0JTWVdXhcWiJGq3PP3M0ep-foxHM8Y9wjjUY4eiV1gGzn_ayu3GTUUh5J667zTetlRj2smn04Sw-2A0n5-ha0Nw0_s-B-050y-TjeToBLjmnudyzdR3T-IEbx8VHvT_-XuBiyqHLdT1HM7ZuKv1d4XBFXpflLTusfnGo8jRW8InWKtF0FfaKR8dprZIVgjU33nI2J68GLzPeLfRobQCXhrpJDdg_2QHOlP3rnL5HoPa-eZbIT_Lk5Tf_NJW6AebmaSnqQc699vTfXou9e3gk3bSe_2afQesZPXL06SNw8pdG8NR-FHhO6LS55o9_aAXHIC3wIS5IFpMgbz2DLKfCA-jz8mOnjeT2k8AhiZN5-nCTO0WgVxmMCjC7_4IZbEdod0TxoZXsfPJKAv9sEHHUhd0xyHPin3__l7oaJOSQtJ6L_BA8tPbxroAxxCFQ3uS7Q0bfblo8x4m_kSxCbHtSsJciHnUEnj4J1bs0aF59JKEDv9OgOO3yqJlH33Vgkle85Dv_4LHnpJaE2p0nJoV7QMqeoxCSPjn3D6R2H02rEgAA&zip=true&golem=false&adRequestTime=1778113648782&pageNumber=1&pos=0&redirect=https://www.chewy.com/hills-science-diet-adult-lamb-meal/dp/37829,0,0,0,1
37838,https://www.chewy.com/hills-science-diet-adult-large-breed/dp/37838,0,0,0,1
37854,https://www.chewy.com/hills-science-diet-adult-7-chicken/dp/37854,0,0,0,1
37857,https://www.chewy.com/hills-science-diet-adult-6-large/dp/37857,0,0,0,1
37861,https://www.chewy.com/hills-science-diet-adult-small-bites/dp/37861,0,0,0,1
3786478,https://www.chewy.com/hye-pets-bovine-colostrum-immune/dp/3786478,0,0,0,1
37920,https://www.chewy.com/hills-science-diet-puppy-savory-stew/dp/37920,0,0,0,1
379204,https://www.chewy.com/purina-pro-plan-sport-development/dp/379204,0,0,0,1
379206,https://www.chewy.com/purina-pro-plan-sport-puppy-high/dp/379206,0,0,0,1
379212,https://www.chewy.com/purina-pro-plan-7-complete-essentials/dp/379212,0,0,0,1
379215,https://www.chewy.com/purina-pro-plan-sport-development/dp/379215,0,0,0,1
379219,https://www.chewy.com/purina-pro-plan-sensitive-skin/dp/379219,0,0,0,1
379223,https://www.chewy.com/purina-pro-plan-sport-development/dp/379223,0,0,0,1
37930,https://www.chewy.com/hills-science-diet-adult-savory-stew/dp/37930,0,0,0,1
37931,https://www.chewy.com/hills-science-diet-adult-savory-stew/dp/37931,0,0,0,1
379385,https://www.chewy.com/lucy-pet-products-salmon-pumpkin/dp/379385,0,0,0,1
379387,https://www.chewy.com/lucy-pet-products-duck-pumpkin-quinoa/dp/379387,0,0,0,1
379389,https://www.chewy.com/lucy-pet-products-chicken-brown-rice/dp/379389,0,0,0,1
37942,https://www.chewy.com/hills-science-diet-adult-7-turkey/dp/37942,0,0,0,1
37943,https://www.chewy.com/hills-science-diet-adult-7-savory/dp/37943,0,0,0,1
37944,https://www.chewy.com/hills-science-diet-adult-7-savory/dp/37944,0,0,0,1
379666,https://www.chewy.com/wellness-core-digestive-health/dp/379666,0,0,0,0
380299,https://www.chewy.com/orijen-amazing-grains-puppy-dry-dog/dp/380299,0,0,0,1
380301,https://www.chewy.com/orijen-amazing-grains-puppy-large/dp/380301,0,0,0,1
380304,https://www.chewy.com/orijen-amazing-grains-original-dry/dp/380304,0,0,0,1
380307,https://www.chewy.com/orijen-amazing-grains-regional-red/dp/380307,0,0,0,1
380310,https://www.chewy.com/orijen-amazing-grains-six-fish-recipe/dp/380310,0,0,0,1
380361,https://www.chewy.com/blue-buffalo-baby-blue-healthy-growth/dp/380361,0,0,0,1
380362,https://www.chewy.com/blue-buffalo-baby-blue-large-breed/dp/380362,0,1,1,1
380616,https://www.chewy.com/lucy-pet-products-beef-formula-dog/dp/380616,0,0,0,1
381339,https://www.chewy.com/inukshuk-professional-performance/dp/381339,0,0,0,1
3821006,https://www.chewy.com/blue-buffalo-love-made-fresh-fully/dp/3821006,0,0,0,1
3821030,https://www.chewy.com/blue-buffalo-love-made-fresh-fully/dp/3821030,0,0,0,1
382121,https://www.chewy.com/purina-one-plus-high-protein-healthy/dp/382121,0,0,0,1
382123,https://www.chewy.com/purina-one-plus-natural-large-breed/dp/382123,0,0,0,1
3822718,https://www.chewy.com/canine-caviar-special-needs-trout/dp/3822718,0,0,0,1
3825526,https://www.chewy.com/vital-essentials-frozen-raw-patties/dp/3825526,0,0,0,1
3826614,https://www.chewy.com/clear-conscience-pet-supergravy/dp/3826614,0,0,0,1
3826726,https://www.chewy.com/clear-conscience-pet-supergravy-bon/dp/3826726,0,0,0,1
3826774,https://www.chewy.com/clear-conscience-pet-paw-jus/dp/3826774,0,0,0,1
383023,https://www.chewy.com/stella-chewys-wild-red-raw-blend/dp/383023,0,0,0,0
3830278,https://www.chewy.com/instinct-peakboost-grain-free-high/dp/3830278,0,0,0,1
3830326,https://www.chewy.com/instinct-peakboost-grain-free-high/dp/3830326,0,0,0,1
383066,https://www.chewy.com/blue-buffalo-homestyle-recipe-chicken/dp/383066,0,0,0,0
383068,https://www.chewy.com/iams-proactive-health-adult-chicken/dp/383068,0,0,0,0
383069,https://www.chewy.com/hills-science-diet-adult-beef-barley/dp/383069,0,0,0,0
383070,https://www.chewy.com/purina-pro-plan-savor-adult-chicken/dp/383070,0,0,0,0
383071,https://www.chewy.com/blue-buffalo-homestyle-recipe-lamb/dp/383071,0,0,0,0
383076,https://www.chewy.com/purina-pro-plan-savor-adult-turkey/dp/383076,0,0,0,0
383081,https://www.chewy.com/natural-balance-lid-limited/dp/383081,0,0,0,0
383084,https://www.chewy.com/dog-chow-high-protein-beef-lamb-in/dp/383084,0,0,0,0
383088,https://www.chewy.com/natural-balance-lid-limited/dp/383088,0,0,0,0
383091,https://www.chewy.com/blue-buffalo-delectables-chicken-beef/dp/383091,0,0,0,0
383097,https://www.chewy.com/blue-buffalo-homestyle-recipe-puppy/dp/383097,0,0,0,0
383216,https://www.chewy.com/daves-pet-food-restricted-bland/dp/383216,0,0,0,1
383357,https://www.chewy.com/blue-buffalo-life-protection-formula/dp/383357,0,0,0,1
383362,https://www.chewy.com/blue-buffalo-life-protection-formula/dp/383362,0,0,0,1
3841558,https://www.chewy.com/justfoodfordogs-lamb-brown-rice/dp/3841558,0,0,0,1
3841606,https://www.chewy.com/justfoodfordogs-venison-squash-recipe/dp/3841606,0,0,0,1
3841974,https://www.chewy.com/justfoodfordogs-adult-fresh-frozen/dp/3841974,0,0,0,1
384439,https://www.chewy.com/cesar-simply-crafted-cuisine/dp/384439,0,0,0,1
384444,https://www.chewy.com/cesar-wholesome-bowls-small-breed/dp/384444,0,0,0,1
38486,https://www.chewy.com/kong-classic-dog-toy/dp/38486,0,0,0,0
3848870,https://www.chewy.com/blue-buffalo-love-made-fresh-fully/dp/3848870,0,0,0,1
3848878,https://www.chewy.com/blue-buffalo-love-made-fresh-fully/dp/3848878,0,0,0,1
3859774,https://www.chewy.com/evolve-grain-free-deboned-chicken/dp/3859774,0,0,0,1
3861502,https://www.chewy.com/blue-buffalo-wilderness-natural-32/dp/3861502,0,0,0,1
3861518,https://www.chewy.com/blue-buffalo-wilderness-natural-32/dp/3861518,0,0,0,1
3861718,https://www.chewy.com/hills-science-diet-adult-sensitive/dp/3861718,0,0,0,1
3861726,https://www.chewy.com/hills-science-diet-adult-sensitive/dp/3861726,0,0,0,1
3879814,https://www.chewy.com/zeal-new-zealandhigh-protein-grain/dp/3879814,0,0,0,1
3880766,https://www.chewy.com/blue-buffalo-wilderness-31-g-protein/dp/3880766,0,0,0,1
3880798,https://www.chewy.com/blue-buffalo-wilderness-37-g-protein/dp/3880798,0,0,0,1
3880822,https://www.chewy.com/blue-buffalo-wilderness-38-g-protein/dp/3880822,0,0,0,1
3885494,https://www.chewy.com/jinx-homemades-lamb-duck-pate-wet-dog/dp/3885494,0,0,0,1
3885502,https://www.chewy.com/jinx-homemades-lamb-duck-pate-wet-dog/dp/3885502,0,0,0,1
3885542,https://www.chewy.com/jinx-senior-chicken-brown-rice-sweet/dp/3885542,0,0,0,1
3885558,https://www.chewy.com/jinx-beef-brown-rice-sweet-potato/dp/3885558,0,0,0,1
388668,https://www.chewy.com/iams-advanced-health-healthy/dp/388668,0,0,0,1
388947,https://www.chewy.com/purina-pro-plan-veterinary-diets-cc/dp/388947,0,0,0,1
390159,https://www.chewy.com/k9-natural-grass-fed-beef-feast-grain/dp/390159,0,0,0,1
390161,https://www.chewy.com/k9-natural-cage-free-chicken-feast/dp/390161,0,0,0,1
390163,https://www.chewy.com/k9-natural-grass-fed-lamb-feast-grain/dp/390163,0,0,0,1
390170,https://www.chewy.com/k9-natural-hoki-beef-grain-free/dp/390170,0,0,0,1
390173,https://www.chewy.com/k9-natural-lamb-king-salmon-grain/dp/390173,0,0,0,1
391656,https://www.chewy.com/zesty-paws-advanced-mobility-chicken/dp/391656,0,0,0,0
391657,https://www.chewy.com/zesty-paws-advanced-mobility-chicken/dp/391657,0,0,0,0
391663,https://www.chewy.com/naturvet-senior-wellness-soft-chews/dp/391663,0,0,0,0
391666,https://www.chewy.com/naturvet-vitapet-senior-plus/dp/391666,0,0,0,0
391667,https://www.chewy.com/pethonesty-duck-flavored-soft-chews/dp/391667,0,0,0,0
391668,https://www.chewy.com/pethonesty-duck-flavored-soft-chews/dp/391668,0,0,0,0
391671,https://www.chewy.com/zesty-paws-core-elements-8-in-1/dp/391671,0,0,0,0
3928654,https://www.chewy.com/animal-love-lamb-flavored-dry-dog/dp/3928654,0,0,0,1
3928670,https://www.chewy.com/animal-love-chicken-flavored-dry-dog/dp/3928670,0,0,0,1
3928702,https://www.chewy.com/animal-love-beef-flavored-dry-dog/dp/3928702,0,0,0,1
3928718,https://www.chewy.com/animal-love-salmon-flavored-dry-dog/dp/3928718,0,0,0,1
3929238,https://www.chewy.com/blue-buffalo-life-protection-formula/dp/3929238,0,0,0,1
3929270,https://www.chewy.com/blue-buffalo-life-protection-formula/dp/3929270,0,0,0,1
3929294,https://www.chewy.com/blue-buffalo-life-protection-formula/dp/3929294,0,0,0,1
393307,https://www.chewy.com/halo-holistic-garden-vegan-recipe/dp/393307,0,0,0,0
3934470,https://www.chewy.com/justfoodfordogs-justfresh-boosts/dp/3934470,0,0,0,1
3934478,https://www.chewy.com/justfoodfordogs-justfresh-boosts-hip/dp/3934478,0,0,0,1
3934486,https://www.chewy.com/justfoodfordogs-justfresh-boosts/dp/3934486,0,0,0,1
3935326,https://www.chewy.com/merrick-fresh-selects-frozen-variety/dp/3935326,0,0,0,0
393741,https://www.chewy.com/blue-buffalo-life-protection-formula/dp/393741,0,0,0,0
393743,https://www.chewy.com/wellness-large-breed-complete-health/dp/393743,0,0,0,0
393744,https://www.chewy.com/wellness-ninety-five-percent-beef/dp/393744,0,0,0,0
393746,https://www.chewy.com/blue-buffalo-basics-skin-stomach-care/dp/393746,0,0,0,0
393751,https://www.chewy.com/blue-buffalo-basics-skin-stomach-care/dp/393751,0,0,0,0
393755,https://www.chewy.com/rachael-ray-nutrish-real-chicken/dp/393755,0,0,0,0
393774,https://www.chewy.com/pedigree-choice-cuts-in-gravy-variety/dp/393774,0,0,0,0
393779,https://www.chewy.com/pedigree-choice-cuts-in-gravy-variety/dp/393779,0,0,0,0
393782,https://www.chewy.com/pedigree-chopped-ground-dinner-combo/dp/393782,0,0,0,0
393784,https://www.chewy.com/pedigree-big-dogs-adult-complete/dp/393784,0,0,0,0
393785,https://www.chewy.com/pedigree-adult-steak-flavor-dry-dog/dp/393785,0,0,0,0
393787,https://www.chewy.com/pedigree-adult-complete-nutrition/dp/393787,0,0,0,0
393962,https://www.chewy.com/solid-gold-hund-n-flocken-lamb-brown/dp/393962,0,0,0,1
393966,https://www.chewy.com/solid-gold-holistique-blendz-oatmeal/dp/393966,0,0,0,1
39418,https://www.chewy.com/natures-logic-canine-chicken-feast/dp/39418,0,0,0,1
39420,https://www.chewy.com/natures-logic-canine-venison-feast/dp/39420,0,0,0,1
39421,https://www.chewy.com/natures-logic-canine-duck-salmon/dp/39421,0,0,0,1
39422,https://www.chewy.com/natures-logic-canine-beef-feast-all/dp/39422,0,0,0,1
39423,https://www.chewy.com/natures-logic-canine-sardine-feast/dp/39423,0,0,0,1
394302,https://www.chewy.com/justfoodfordogs-chicken-white-rice/dp/394302,0,0,0,1
3943038,https://www.chewy.com/justfoodfordogs-veterinary-diet/dp/3943038,0,0,0,1
394306,https://www.chewy.com/justfoodfordogs-beef-russet-potato/dp/394306,0,0,0,1
3943062,https://www.chewy.com/justfoodfordogs-veterinary-diet-renal/dp/3943062,0,0,0,1
394310,https://www.chewy.com/justfoodfordogs-turkey-whole-wheat/dp/394310,0,0,0,1
394314,https://www.chewy.com/justfoodfordogs-fish-sweet-potato/dp/394314,0,0,0,1
394334,https://www.chewy.com/justfoodfordogs-joint-skin-support/dp/394334,0,0,0,1
394350,https://www.chewy.com/justfoodfordogs-pantry-fresh-chicken/dp/394350,0,0,0,1
394352,https://www.chewy.com/justfoodfordogs-pantry-fresh-turkey/dp/394352,0,0,0,1
394358,https://www.chewy.com/justfoodfordogs-pantryfresh-joint/dp/394358,0,0,0,1
394360,https://www.chewy.com/justfoodfordogs-pantryfresh-balanced/dp/394360,0,0,0,1
394362,https://www.chewy.com/justfoodfordogs-veterinary-diet/dp/394362,0,0,0,1
3948654,https://www.chewy.com/rachael-raynutrishrealbeef/dp/3948654,0,0,0,1
3957902,https://www.chewy.com/blue-buffalo-love-made-fresh-beef/dp/3957902,0,0,0,1
3957926,https://www.chewy.com/blue-buffalo-love-made-fresh-chicken/dp/3957926,0,0,0,1
3961302,https://www.chewy.com/honest-kitchen-whole-food-clusters/dp/3961302,0,0,0,1
3961318,https://www.chewy.com/honest-kitchen-protein-plus-clusters/dp/3961318,0,0,0,1
396591,https://www.chewy.com/american-natural-premium-market-fresh/dp/396591,0,0,0,1
397017,https://www.chewy.com/stella-chewys-puppy-prairie-recipe/dp/397017,0,0,0,1
3972710,https://www.chewy.com/orijen-freshprey-turkey-salmon-pork/dp/3972710,0,0,0,1
3972718,https://www.chewy.com/orijen-freshprey-beef-pork-lamb/dp/3972718,0,0,0,1
3972726,https://www.chewy.com/orijen-freshprey-beef-pork-lamb/dp/3972726,0,0,0,1
3972734,https://www.chewy.com/orijen-freshprey-turkey-salmon-pork/dp/3972734,0,0,0,1
3982486,https://www.chewy.com/montana-dog-food-co-chicken-recipe/dp/3982486,0,0,0,1
3982542,https://www.chewy.com/montana-dog-food-co-surf-turf-recipe/dp/3982542,0,0,0,1
399560,https://www.chewy.com/sportmix-caninex-performance-chicken/dp/399560,0,0,0,1
399561,https://www.chewy.com/sportmix-caninex-performance-beef/dp/399561,0,0,0,1
4013430,https://www.chewy.com/justfoodfordogs-frozen-variety-pack/dp/4013430,0,0,0,0
4013462,https://www.chewy.com/justfoodfordogs-frozen-variety-pack/dp/4013462,0,0,0,0
4013494,https://www.chewy.com/justfoodfordogs-frozen-variety-pack/dp/4013494,0,0,0,0
4013526,https://www.chewy.com/justfoodfordogs-puppy-frozen-variety/dp/4013526,0,0,0,0
4013574,https://www.chewy.com/justfoodfordogs-weight-frozen-variety/dp/4013574,0,0,0,0
4038166,https://www.chewy.com/zignature-select-cuts-lamb-dry-dog/dp/4038166,0,0,0,1
4044414,https://www.chewy.com/wellness-complete-health-adult/dp/4044414,0,0,0,1
4044430,https://www.chewy.com/wellness-complete-health-adult/dp/4044430,0,0,0,1
4044446,https://www.chewy.com/wellness-complete-health-adult-small/dp/4044446,0,0,0,1
4044622,https://www.chewy.com/joyrides-kitchen-wholesome-beef-liver/dp/4044622,0,0,0,1
4044654,https://www.chewy.com/joyrides-kitchen-wholesome-chicken/dp/4044654,0,0,0,1
4055590,https://www.chewy.com/justfoodfordogs-veterinary-diet/dp/4055590,0,0,0,1
40647,https://www.chewy.com/weruva-cirque-de-la-mer-tuna-veggies/dp/40647,0,0,0,1
40649,https://www.chewy.com/weruva-paw-lickin-chicken-in-gravy/dp/40649,0,0,0,1
40651,https://www.chewy.com/weruva-funky-chunky-chicken-soup/dp/40651,0,0,0,1
40653,https://www.chewy.com/weruva-amazon-livin-chicken-chicken/dp/40653,0,0,0,1
40655,https://www.chewy.com/weruva-wok-dog-chicken-beef-pumpkin/dp/40655,0,0,0,1
40657,https://www.chewy.com/weruva-steak-frites-dinner-beef/dp/40657,0,0,0,1
40659,https://www.chewy.com/weruva-jammin-salmon-chicken-salmon/dp/40659,0,0,0,1
40661,https://www.chewy.com/weruva-marbella-paella-mackerel/dp/40661,0,0,0,1
40663,https://www.chewy.com/weruva-bed-breakfast-chicken-egg/dp/40663,0,0,0,1
4079622,https://www.chewy.com/cafe-nara-lamb-recipe-air-dried-dog/dp/4079622,0,0,0,1
4079670,https://www.chewy.com/cafe-nara-beef-recipe-air-dried-dog/dp/4079670,0,0,0,1
4080646,https://www.chewy.com/kinetic-performance-core-adult-corn/dp/4080646,0,0,0,1
40899,https://www.chewy.com/taste-wild-southwest-canyon-grain/dp/40899,0,0,0,1
4091198,https://www.chewy.com/freshpet-vital-fresh-grain-free-beef/dp/4091198,0,0,0,1
4095694,https://www.chewy.com/freshpet-vital-chicken-recipe-peas/dp/4095694,0,0,0,1
4095758,https://www.chewy.com/freshpet-vital-turkey-recipe-carrots/dp/4095758,0,0,0,1
4095790,https://www.chewy.com/freshpet-vital-grain-free-chicken/dp/4095790,0,0,0,1
4095798,https://www.chewy.com/freshpet-vital-grain-free-small-breed/dp/4095798,0,0,0,1
4095822,https://www.chewy.com/freshpet-vital-grain-free-small-breed/dp/4095822,0,0,0,1
4095838,https://www.chewy.com/freshpet-vital-healthy-aging-chicken/dp/4095838,0,0,0,1
4109502,https://www.chewy.com/freshpet-vital-grain-free-wild/dp/4109502,0,0,0,1
4109510,https://www.chewy.com/freshpet-vital-grain-free-chicken/dp/4109510,0,0,0,1
4109550,https://www.chewy.com/freshpet-vital-grain-free-turkey/dp/4109550,0,0,0,1
4109558,https://www.chewy.com/freshpet-vital-grain-free-chicken/dp/4109558,0,0,0,1
4180102,https://www.chewy.com/regal-pet-foods-air-dried-limited/dp/4180102,0,0,0,1
4180134,https://www.chewy.com/regal-pet-foods-air-dried-limited/dp/4180134,0,0,0,1
41943,https://www.chewy.com/annamaet-original-option-formula-dry/dp/41943,0,0,0,1
41946,https://www.chewy.com/annamaet-25-medium-large-breed-dry/dp/41946,0,0,0,1
41949,https://www.chewy.com/annamaet-ultra-32-dry-dog-food-40-lb/dp/41949,0,0,0,1
41952,https://www.chewy.com/annamaet-original-extra-dry-dog-food/dp/41952,0,0,0,1
4205582,https://www.chewy.com/maximum-bully-raw-fuel-pasture-raised/dp/4205582,0,0,0,1
4205590,https://www.chewy.com/maximum-bully-raw-fuel-free-range/dp/4205590,0,0,0,1
4235230,https://www.chewy.com/montana-dog-food-co-grain-free-freeze/dp/4235230,0,0,0,0
4239262,https://www.chewy.com/justfoodfordogs-frozen-human-grade/dp/4239262,0,0,0,0
42625,https://www.chewy.com/royal-canin-veterinary-diet-adult/dp/42625,0,0,0,1
43671,https://www.chewy.com/royal-canin-veterinary-diet-adult/dp/43671,0,0,0,1
43673,https://www.chewy.com/royal-canin-veterinary-diet-adult/dp/43673,0,0,0,1
43684,https://www.chewy.com/royal-canin-veterinary-diet-adult/dp/43684,0,0,0,1
43691,https://www.chewy.com/royal-canin-veterinary-diet-adult/dp/43691,0,0,0,1
43705,https://www.chewy.com/royal-canin-veterinary-diet-adult/dp/43705,0,0,0,1
43714,https://www.chewy.com/royal-canin-veterinary-diet-adult/dp/43714,0,0,0,1
43755,https://www.chewy.com/royal-canin-veterinary-diet-adult/dp/43755,0,0,0,1
44461,https://www.chewy.com/petkind-tripett-original-formula/dp/44461,0,0,0,1
44462,https://www.chewy.com/petkind-tripett-green-beef-tripe-duck/dp/44462,0,0,0,1
44463,https://www.chewy.com/petkind-tripett-new-zealand-green/dp/44463,0,0,0,1
44464,https://www.chewy.com/petkind-tripett-green-beef-tripe/dp/44464,0,0,0,1
44620,https://www.chewy.com/wysong-archetype-burgers-freeze-dried/dp/44620,0,1,0,1
44819,https://www.chewy.com/evangers-grain-free-rabbit-canned-dog/dp/44819,0,0,0,1
44929,https://www.chewy.com/diamond-naturals-large-breed-adult/dp/44929,0,0,0,1
44931,https://www.chewy.com/diamond-naturals-extreme-athlete/dp/44931,0,0,0,1
44933,https://www.chewy.com/diamond-naturals-large-breed-adult/dp/44933,0,0,0,1
44993,https://www.chewy.com/evangers-grain-free-hand-packed/dp/44993,0,1,1,1
44994,https://www.chewy.com/evangers-organics-cooked-chicken/dp/44994,0,0,0,1
44995,https://www.chewy.com/evangers-organics-turkey-potato/dp/44995,0,0,0,1
45003,https://www.chewy.com/evangers-grain-free-salmon-canned-dog/dp/45003,0,0,0,1
45006,https://www.chewy.com/diamond-premium-adult-formula-dry-dog/dp/45006,0,0,0,1
45020,https://www.chewy.com/evangers-grain-free-hand-packed-catch/dp/45020,0,0,0,1
45100,https://www.chewy.com/addiction-grain-free-salmon-bleu-dry/dp/45100,0,0,0,1
45102,https://www.chewy.com/addiction-grain-free-viva-la-venison/dp/45102,0,0,0,1
45668,https://www.chewy.com/natural-balance-limited-ingredient/dp/45668,0,0,0,1
46083,https://www.chewy.com/grandma-lucys-pureformance-rabbit/dp/46083,0,0,0,1
46465,https://www.chewy.com/royal-canin-breed-health-nutrition/dp/46465,0,0,0,1
46729,https://www.chewy.com/iams-proactive-health-healthy-aging/dp/46729,0,0,0,1
46799,https://www.chewy.com/royal-canin-veterinary-diet-adult/dp/46799,0,0,0,1
47131,https://www.chewy.com/diamond-naturals-grain-free-beef/dp/47131,0,0,0,1
47135,https://www.chewy.com/diamond-naturals-grain-free-chicken/dp/47135,0,0,0,1
47139,https://www.chewy.com/diamond-naturals-grain-free-whitefish/dp/47139,0,0,0,1
47234,https://www.chewy.com/iams-proactive-health-healthy-weight/dp/47234,0,0,0,1
47272,https://www.chewy.com/iams-proactive-health-large-breed/dp/47272,0,0,0,1
47567,https://www.chewy.com/iams-proactive-health-healthy-weight/dp/47567,0,0,0,1
47775,https://www.chewy.com/iams-proactive-health-healthy-aging/dp/47775,0,0,0,1
48218,https://www.chewy.com/royal-canin-canine-care-nutrition/dp/48218,0,0,0,1
48224,https://www.chewy.com/royal-canin-canine-care-nutrition/dp/48224,0,0,0,1
48232,https://www.chewy.com/royal-canin-size-health-nutrition/dp/48232,0,0,0,1
48244,https://www.chewy.com/royal-canin-size-health-nutrition/dp/48244,0,0,0,1
48246,https://www.chewy.com/royal-canin-size-health-nutrition/dp/48246,0,0,0,1
48261,https://www.chewy.com/royal-canin-canine-care-nutrition/dp/48261,0,0,0,1
48266,https://www.chewy.com/royal-canin-size-health-nutrition/dp/48266,0,0,0,1
48267,https://www.chewy.com/royal-canin-large-joint-care-dry-dog/dp/48267,0,0,0,1
48304,https://www.chewy.com/royal-canin-size-health-nutrition/dp/48304,0,0,0,1
48322,https://www.chewy.com/royal-canin-canine-care-nutrition/dp/48322,0,0,0,1
48335,https://www.chewy.com/royal-canin-breed-health-nutrition/dp/48335,0,0,0,1
48804,https://www.chewy.com/halo-holistic-garden-vegan-recipe/dp/48804,0,0,0,1
48910,https://www.chewy.com/iams-proactive-health-large-breed/dp/48910,0,0,0,1
49644,https://www.chewy.com/blue-buffalo-life-protection-formula/dp/49644,0,0,0,1
50021,https://www.chewy.com/purina-pro-plan-veterinary-diets-nf/dp/50021,0,0,0,1
50025,https://www.chewy.com/purina-pro-plan-veterinary-diets-om/dp/50025,0,0,0,1
50168,https://www.chewy.com/royal-canin-veterinary-diet-adult/dp/50168,0,0,0,1
50172,https://www.chewy.com/royal-canin-veterinary-diet-adult/dp/50172,0,0,0,1
50189,https://www.chewy.com/avoderm-natural-triple-protein/dp/50189,0,0,0,1
50192,https://www.chewy.com/avoderm-natural-grain-free-sensitive/dp/50192,0,0,0,1
50197,https://www.chewy.com/avoderm-advanced-sensitive-support/dp/50197,0,0,0,1
50242,https://www.chewy.com/wysong-senior-dry-dog-food-5-lb-bag/dp/50242,0,0,0,1
502434,https://www.chewy.com/ultimates-meadow-prime-grain-free/dp/502434,0,0,0,1
502458,https://www.chewy.com/ultimates-heartland-choice-chicken/dp/502458,0,0,0,1
502482,https://www.chewy.com/ultimates-bayside-select-fish-potato/dp/502482,0,0,0,1
502506,https://www.chewy.com/ultimates-overland-grain-free-red/dp/502506,0,0,0,1
50307,https://www.chewy.com/wysong-growth-dry-dog-food-5-lb-bag/dp/50307,0,0,0,1
50346,https://www.chewy.com/wysong-anergen-dry-dog-cat-food-5-lb/dp/50346,0,0,0,1
504390,https://www.chewy.com/blue-seal-native-puppy-chicken-meal/dp/504390,0,0,0,1
50486,https://www.chewy.com/wysong-synorgon-dry-dog-food-5-lb-bag/dp/50486,0,0,0,1
506754,https://www.chewy.com/pedigree-tender-bites-in-gravy/dp/506754,0,0,0,1
50942,https://www.chewy.com/wysong-optimal-performance-dry-dog/dp/50942,0,0,0,1
515006,https://www.chewy.com/blue-buffalo-baby-blue-healthy-growth/dp/515006,0,0,0,0
515014,https://www.chewy.com/blue-buffalo-baby-blue-healthy-growth/dp/515014,0,0,0,0
515022,https://www.chewy.com/blue-buffalo-baby-blue-healthy-growth/dp/515022,0,0,0,0
515038,https://www.chewy.com/blue-buffalo-baby-blue-healthy-growth/dp/515038,0,0,0,0
51532,https://www.chewy.com/daves-pet-food-naturally-healthy-beef/dp/51532,0,0,0,1
51549,https://www.chewy.com/daves-pet-food-naturally-healthy/dp/51549,0,0,0,1
51592,https://www.chewy.com/daves-pet-food-chicken-meal-brown/dp/51592,0,0,0,1
51596,https://www.chewy.com/daves-pet-food-naturally-healthy/dp/51596,0,0,0,1
517078,https://www.chewy.com/dr-garys-best-breed-holistic-working/dp/517078,0,0,0,1
517086,https://www.chewy.com/dr-garys-best-breed-holistic-german/dp/517086,0,0,0,1
517094,https://www.chewy.com/dr-garys-best-breed-holistic-all/dp/517094,0,0,0,1
517102,https://www.chewy.com/dr-garys-best-breed-holistic-puppy/dp/517102,0,0,0,1
517110,https://www.chewy.com/dr-garys-best-breed-holistic-senior/dp/517110,0,0,0,1
517118,https://www.chewy.com/dr-garys-best-breed-holistic-large/dp/517118,0,0,0,1
51830,https://www.chewy.com/against-grain-hand-pulled-beef-gravy/dp/51830,0,1,1,1
51832,https://www.chewy.com/against-grain-hand-pulled-chicken/dp/51832,0,0,0,1
519078,https://www.chewy.com/freshpet-vital-chicken-recipe-grain/dp/519078,0,0,0,1
519158,https://www.chewy.com/freshpet-vital-chicken-recipe-fresh/dp/519158,0,0,0,1
52396,https://www.chewy.com/purina-pro-plan-adult-large-breed/dp/52396,0,0,0,1
52399,https://www.chewy.com/purina-pro-plan-adult-small-breed/dp/52399,0,0,0,1
52407,https://www.chewy.com/purina-pro-plan-adult-large-breed/dp/52407,0,0,0,1
52418,https://www.chewy.com/purina-pro-plan-high-protein-chicken/dp/52418,0,0,0,1
52422,https://www.chewy.com/purina-pro-plan-high-protein-dha-lamb/dp/52422,0,0,0,1
52425,https://www.chewy.com/purina-pro-plan-high-protein-chicken/dp/52425,0,0,0,1
52434,https://www.chewy.com/purina-pro-plan-sport-small-bites-all/dp/52434,0,0,0,1
52444,https://www.chewy.com/purina-pro-plan-adult-shredded-blend/dp/52444,0,0,0,1
52448,https://www.chewy.com/purina-pro-plan-high-protein-shredded/dp/52448,0,0,0,1
52452,https://www.chewy.com/purina-pro-plan-adult-shredded-blend/dp/52452,0,0,0,1
52455,https://www.chewy.com/purina-pro-plan-adult-large-breed/dp/52455,0,0,0,1
52459,https://www.chewy.com/purina-pro-plan-adult-weight/dp/52459,0,0,0,1
52463,https://www.chewy.com/purina-pro-plan-adult-7-shredded/dp/52463,0,0,0,1
52467,https://www.chewy.com/purina-pro-plan-puppy-shredded-blend/dp/52467,0,0,0,1
52616,https://www.chewy.com/purina-pro-plan-sport-all-life-stages/dp/52616,0,0,0,1
533150,https://www.chewy.com/eukanuba-fit-body-weight-control/dp/533150,0,0,0,1
533158,https://www.chewy.com/eukanuba-fit-body-weight-control/dp/533158,0,0,0,1
533174,https://www.chewy.com/eukanuba-fit-body-weight-control/dp/533174,0,0,0,1
533182,https://www.chewy.com/eukanuba-premium-performance-2616/dp/533182,0,0,0,1
533190,https://www.chewy.com/eukanuba-premium-performance-2113/dp/533190,0,0,0,1
536782,https://www.chewy.com/justfoodfordogs-sampler-variety-box/dp/536782,0,0,0,1
537278,https://www.chewy.com/natural-balance-limited-ingredient/dp/537278,0,0,0,1
537302,https://www.chewy.com/natural-balance-limited-ingredient/dp/537302,0,0,0,1
537310,https://www.chewy.com/natural-balance-limited-ingredient/dp/537310,0,0,0,1
537318,https://www.chewy.com/natural-balance-limited-ingredient/dp/537318,0,0,0,1
537326,https://www.chewy.com/natural-balance-limited-ingredient/dp/537326,0,0,0,1
537334,https://www.chewy.com/natural-balance-limited-ingredient/dp/537334,0,0,0,1
537342,https://www.chewy.com/natural-balance-limited-ingredient/dp/537342,0,0,0,1
539542,https://www.chewy.com/go-solutions-digestion-gut-health/dp/539542,0,0,0,1
539606,https://www.chewy.com/go-solutions-weight-management-joint/dp/539606,0,0,0,1
54021,https://www.chewy.com/dr-tims-highly-athletic-momentum/dp/54021,0,0,0,1
54102,https://www.chewy.com/wellness-core-grain-free-large-breed/dp/54102,0,0,0,1
54106,https://www.chewy.com/wellness-core-grain-free-wild-game/dp/54106,0,0,0,1
54659,https://www.chewy.com/hills-prescription-diet-d-urgent-care/dp/54659,0,0,0,1
54661,https://www.chewy.com/hills-prescription-diet-cd-multicare/dp/54661,0,0,0,1
54665,https://www.chewy.com/hills-prescription-diet-dd-skinfood/dp/54665,0,0,0,1
54666,https://www.chewy.com/hills-prescription-diet-dd-skinfood/dp/54666,0,0,0,1
54678,https://www.chewy.com/hills-prescription-diet-hd-heart-care/dp/54678,0,0,0,1
54679,https://www.chewy.com/hills-prescription-diet-id-digestive/dp/54679,0,0,0,1
54683,https://www.chewy.com/hills-prescription-diet-id-digestive/dp/54683,0,0,0,1
54684,https://www.chewy.com/hills-prescription-diet-id-digestive/dp/54684,0,0,0,1
54686,https://www.chewy.com/hills-prescription-diet-jd-joint-care/dp/54686,0,0,0,1
54688,https://www.chewy.com/hills-prescription-diet-jd-joint-care/dp/54688,0,0,0,1
54689,https://www.chewy.com/hills-prescription-diet-kd-kidney/dp/54689,0,0,0,1
54690,https://www.chewy.com/hills-prescription-diet-kd-kidney/dp/54690,0,0,0,1
54693,https://www.chewy.com/hills-prescription-diet-ld-liver-care/dp/54693,0,0,0,1
54694,https://www.chewy.com/hills-prescription-diet-ld-liver-care/dp/54694,0,0,0,1
54696,https://www.chewy.com/hills-prescription-diet-metabolic/dp/54696,0,0,0,1
54700,https://www.chewy.com/hills-prescription-diet-metabolic/dp/54700,0,0,0,1
54701,https://www.chewy.com/hills-prescription-diet-rd-weight/dp/54701,0,0,0,1
54704,https://www.chewy.com/hills-prescription-diet-rd-weight/dp/54704,0,0,0,1
54708,https://www.chewy.com/hills-prescription-diet-td-dental/dp/54708,0,0,0,1
54710,https://www.chewy.com/hills-prescription-diet-td-dental/dp/54710,0,0,0,1
54711,https://www.chewy.com/hills-prescription-diet-ud-urinary/dp/54711,0,0,0,1
54713,https://www.chewy.com/hills-prescription-diet-ud-urinary/dp/54713,0,0,0,1
54714,https://www.chewy.com/hills-prescription-diet-wd-multi/dp/54714,0,0,0,1
54717,https://www.chewy.com/hills-prescription-diet-wd-multi/dp/54717,0,0,0,1
54721,https://www.chewy.com/hills-prescription-diet-zd-original/dp/54721,0,0,0,1
54724,https://www.chewy.com/hills-prescription-diet-zd-skinfood/dp/54724,0,0,0,1
549966,https://www.chewy.com/primal-cupboard-cuts-beef-grain-free/dp/549966,0,0,0,1
549998,https://www.chewy.com/primal-cupboard-cuts-chicken-grain/dp/549998,0,0,0,1
550022,https://www.chewy.com/primal-cupboard-cuts-fish-grain-free/dp/550022,0,0,0,1
55148,https://www.chewy.com/canidae-pure-goodness-real-lamb-sweet/dp/55148,0,0,0,1
55154,https://www.chewy.com/canidae-pure-goodness-real-duck-sweet/dp/55154,0,0,0,1
551670,https://www.chewy.com/health-extension-little-bites-chicken/dp/551670,0,0,0,0
552318,https://www.chewy.com/eukanuba-adult-lamb-1st-ingredient/dp/552318,0,0,0,1
552326,https://www.chewy.com/eukanuba-puppy-lamb-1st-ingredient/dp/552326,0,0,0,1
552334,https://www.chewy.com/eukanuba-puppy-medium-breed-dry-dog/dp/552334,0,0,0,1
552374,https://www.chewy.com/eukanuba-senior-large-breed-dry-dog/dp/552374,0,0,0,1
552414,https://www.chewy.com/eukanuba-adult-large-breed-lamb-1st/dp/552414,0,0,0,1
552422,https://www.chewy.com/eukanuba-adult-large-breed-dry-dog/dp/552422,0,0,0,1
552438,https://www.chewy.com/eukanuba-senior-lamb-1st-ingredient/dp/552438,0,0,0,1
552478,https://www.chewy.com/eukanuba-adult-small-bites-dry-dog/dp/552478,0,0,0,1
552510,https://www.chewy.com/eukanuba-senior-medium-breed-dry-dog/dp/552510,0,0,0,1
56011,https://www.chewy.com/petkind-tripett-green-bison-tripe/dp/56011,0,0,0,1
56014,https://www.chewy.com/petkind-thats-it-wild-salmon-grain/dp/56014,0,0,0,1
56024,https://www.chewy.com/petkind-thats-it-duck-grain-free/dp/56024,0,0,0,1
56026,https://www.chewy.com/petkind-thats-it-bison-tripe-grain/dp/56026,0,0,0,1
56030,https://www.chewy.com/petkind-thats-it-lamb-tripe-grain/dp/56030,0,0,0,1
56174,https://www.chewy.com/health-extension-lite-chicken-brown/dp/56174,0,0,0,1
56179,https://www.chewy.com/health-extension-little-bites-lite/dp/56179,0,0,0,1
56196,https://www.chewy.com/health-extension-grain-free-chicken/dp/56196,0,0,0,1
56212,https://www.chewy.com/health-extension-grain-free-chicken/dp/56212,0,0,0,1
56219,https://www.chewy.com/health-extension-grain-free-beef/dp/56219,0,0,0,1
56241,https://www.chewy.com/health-extension-grain-free-duck/dp/56241,0,0,0,1
565134,https://www.chewy.com/stella-chewys-stellas-shredrs-cage/dp/565134,0,0,0,1
565150,https://www.chewy.com/stella-chewys-stellas-shredrs-cage/dp/565150,0,0,0,1
565166,https://www.chewy.com/stella-chewys-stellas-shredrs-cage/dp/565166,0,0,0,1
565182,https://www.chewy.com/stella-chewys-stellas-shredrs-cage/dp/565182,0,0,0,1
565198,https://www.chewy.com/stella-chewys-stellas-shredrs-cage/dp/565198,0,0,0,1
567134,https://www.chewy.com/primal-beef-formula-chicken-formula/dp/567134,0,0,0,0
567142,https://www.chewy.com/primal-lamb-formula-beef-formula/dp/567142,0,0,0,0
567150,https://www.chewy.com/primal-chicken-formula-lamb-formula/dp/567150,0,0,0,0
567158,https://www.chewy.com/primal-beef-formula-pork-formula/dp/567158,0,0,0,0
567166,https://www.chewy.com/primal-lamb-formula-turkey-sardine/dp/567166,0,0,0,0
567174,https://www.chewy.com/primal-chicken-formula-turkey-sardine/dp/567174,0,0,0,0
567198,https://www.chewy.com/primal-duck-formula-rabbit-formula/dp/567198,0,0,0,0
567358,https://www.chewy.com/stella-chewys-lil-bites-chicken-itty/dp/567358,0,0,0,0
567430,https://www.chewy.com/stella-chewys-maries-magical-dinner/dp/567430,0,0,0,0
567478,https://www.chewy.com/stella-chewys-stellas-solutions-skin/dp/567478,0,0,0,0
567486,https://www.chewy.com/stella-chewys-stellas-solutions-skin/dp/567486,0,0,0,0
567494,https://www.chewy.com/stella-chewys-stellas-solutions-skin/dp/567494,0,0,0,0
567654,https://www.chewy.com/stella-chewys-maries-magical-dinner/dp/567654,0,0,0,0
569086,https://www.chewy.com/american-natural-premium-market-fresh/dp/569086,0,0,0,1
569430,https://www.chewy.com/lucy-pet-products-chicken-formula-dog/dp/569430,0,0,0,1
569510,https://www.chewy.com/nutro-max-senior-farm-raised-chicken/dp/569510,0,0,0,1
569526,https://www.chewy.com/nutro-max-adult-farm-raised-lamb/dp/569526,0,0,0,1
569590,https://www.chewy.com/nutro-max-large-breed-puppy-farm/dp/569590,0,0,0,1
569606,https://www.chewy.com/nutro-max-large-breed-adult-farm/dp/569606,0,0,0,1
569630,https://www.chewy.com/nutro-max-mini-chunks-adult-farm/dp/569630,0,0,0,1
571206,https://www.chewy.com/primal-duck-formula-nuggets-grain/dp/571206,0,0,0,1
572054,https://www.chewy.com/sportsmans-pride-field-master-grain/dp/572054,0,0,0,1
572070,https://www.chewy.com/sportsmans-pride-field-master-grain/dp/572070,0,0,0,1
572590,https://www.chewy.com/petkind-thats-it-red-meat-formula-dog/dp/572590,0,0,0,1
57318,https://www.chewy.com/purina-pro-plan-veterinary-diets-en/dp/57318,0,0,0,1
574638,https://www.chewy.com/american-journey-lamb-recipe-beef/dp/574638,0,0,0,0
574662,https://www.chewy.com/american-journey-beef-recipe-beef/dp/574662,0,0,0,0
574694,https://www.chewy.com/wholesomes-energy-plus-2420-dry-dog/dp/574694,0,0,0,1
574710,https://www.chewy.com/wholesomes-high-energy-2618-dry-dog/dp/574710,0,0,0,1
574726,https://www.chewy.com/wholesomes-sensitive-skin-stomach/dp/574726,0,0,0,1
574846,https://www.chewy.com/canidae-pure-real-lamb-brown-rice/dp/574846,0,0,0,1
574870,https://www.chewy.com/canidae-pure-real-bison-barley-recipe/dp/574870,0,0,0,1
575406,https://www.chewy.com/american-natural-premium-chicken-free/dp/575406,0,0,0,1
579118,https://www.chewy.com/pro-pac-adult-mini-chunk-chicken/dp/579118,0,0,0,1
579150,https://www.chewy.com/pro-pac-performance-puppy-chicken/dp/579150,0,0,0,1
579166,https://www.chewy.com/ultimates-adult-chicken-meal-rice/dp/579166,0,0,0,1
579182,https://www.chewy.com/ultimates-adult-large-breed-chicken/dp/579182,0,0,0,1
579774,https://www.chewy.com/black-gold-explorer-super-performance/dp/579774,0,0,0,1
607726,https://www.chewy.com/nulo-freestyle-turkey-sweet-potato/dp/607726,0,0,0,0
607782,https://www.chewy.com/nulo-freestyle-beef-peas-carrot/dp/607782,0,0,0,0
607806,https://www.chewy.com/nulo-freestyle-chicken-carrots-peas/dp/607806,0,0,0,0
607894,https://www.chewy.com/nulo-freestyle-turkey-sweet-potato/dp/607894,0,0,0,0
607934,https://www.chewy.com/nulo-freestyle-turkey-salmon/dp/607934,0,0,0,0
607990,https://www.chewy.com/nulo-freestyle-chicken-carrots-peas/dp/607990,0,0,0,0
608022,https://www.chewy.com/nulo-freestyle-lamb-lentils-recipe/dp/608022,0,0,0,0
608046,https://www.chewy.com/nulo-freestyle-lamb-lentils-recipe/dp/608046,0,0,0,0
608054,https://www.chewy.com/nulo-freestyle-limited-salmon-recipe/dp/608054,0,0,0,0
608062,https://www.chewy.com/nulo-frontrunner-beef-barley-lamb-dry/dp/608062,0,0,0,0
608078,https://www.chewy.com/nulo-freestyle-turkey-sweet-potato/dp/608078,0,0,0,0
608086,https://www.chewy.com/nulo-freestyle-salmon-peas-recipe-dry/dp/608086,0,0,0,0
608094,https://www.chewy.com/nulo-freestyle-cod-lentils-recipe-dry/dp/608094,0,0,0,0
608102,https://www.chewy.com/nulo-freestyle-trout-sweet-potato/dp/608102,0,0,0,0
608150,https://www.chewy.com/nulo-frontrunner-beef-barley-lamb-dry/dp/608150,0,0,0,0
608158,https://www.chewy.com/nulo-freestyle-salmon-red-lentils/dp/608158,0,0,0,0
608174,https://www.chewy.com/nulo-freestyle-turkey-sweet-potato/dp/608174,0,0,0,0
608182,https://www.chewy.com/nulo-freestyle-cod-lentils-recipe-dry/dp/608182,0,0,0,0
609830,https://www.chewy.com/honest-kitchen-one-pot-stews-slow/dp/609830,0,0,0,0
609846,https://www.chewy.com/honest-kitchen-chicken-beef-whole/dp/609846,0,0,0,0
609854,https://www.chewy.com/honest-kitchen-meal-booster-99-beef/dp/609854,0,0,0,0
609870,https://www.chewy.com/honest-kitchen-pumpkin-pour-overs/dp/609870,0,0,0,0
609878,https://www.chewy.com/honest-kitchen-butcher-block-pate/dp/609878,0,0,0,0
609894,https://www.chewy.com/honest-kitchen-bone-broth-pour-overs/dp/609894,0,0,0,0
609902,https://www.chewy.com/honest-kitchen-whole-food-clusters/dp/609902,0,0,0,0
611438,https://www.chewy.com/weruva-wok-dog-chicken-beef-pumpkin/dp/611438,0,0,0,0
611502,https://www.chewy.com/weruva-paw-lickin-chicken-in-gravy/dp/611502,0,0,0,0
611526,https://www.chewy.com/weruva-paw-lickin-chicken-in-gravy/dp/611526,0,0,0,0
611558,https://www.chewy.com/weruva-wok-dog-chicken-beef-pumpkin/dp/611558,0,0,0,0
611806,https://www.chewy.com/weruva-cirque-de-la-mer-tuna-veggies/dp/611806,0,0,0,0
613342,https://www.chewy.com/natural-balance-limited-ingredient/dp/613342,0,0,0,1
614238,https://www.chewy.com/primal-raw-pronto-beef-recipe-dog/dp/614238,0,0,0,1
614270,https://www.chewy.com/primal-raw-pronto-chicken-recipe-dog/dp/614270,0,0,0,1
614302,https://www.chewy.com/primal-raw-pronto-lamb-recipe-dog/dp/614302,0,0,0,1
614334,https://www.chewy.com/primal-raw-pronto-pork-recipe-dog/dp/614334,0,0,0,1
614358,https://www.chewy.com/primal-raw-pronto-puppy-recipe-dog/dp/614358,0,0,0,1
616934,https://www.chewy.com/iams-advanced-health-skin-coat/dp/616934,0,0,0,1
620094,https://www.chewy.com/justfoodfordogs-pantry-fresh-human/dp/620094,0,0,0,1
622782,https://www.chewy.com/blue-buffalo-true-solutions-blissful/dp/622782,0,0,0,0
622838,https://www.chewy.com/blue-buffalo-wilderness-chicken/dp/622838,0,0,0,0
622870,https://www.chewy.com/blue-buffalo-true-solutions-jolly/dp/622870,0,0,0,0
630310,https://www.chewy.com/halo-holistic-garden-vegan-canned/dp/630310,0,0,0,0
631310,https://www.chewy.com/american-natural-premium-grain-free/dp/631310,0,0,0,1
632390,https://www.chewy.com/canidae-pure-petite-small-breed/dp/632390,0,0,0,0
632398,https://www.chewy.com/canidae-pure-petite-small-breed/dp/632398,0,0,0,0
632406,https://www.chewy.com/canidae-pure-petite-small-breed/dp/632406,0,0,0,0
632414,https://www.chewy.com/canidae-pure-petite-small-breed/dp/632414,0,0,0,0
632422,https://www.chewy.com/canidae-pure-petite-small-breed/dp/632422,0,0,0,0
632446,https://www.chewy.com/canidae-pure-petite-small-breed/dp/632446,0,0,0,0
632462,https://www.chewy.com/canidae-pure-petite-small-breed/dp/632462,0,0,0,0
632470,https://www.chewy.com/canidae-pure-petite-small-breed/dp/632470,0,0,0,0
632486,https://www.chewy.com/canidae-pure-petite-small-breed/dp/632486,0,0,0,0
632494,https://www.chewy.com/canidae-pure-petite-small-breed/dp/632494,0,0,0,0
632502,https://www.chewy.com/canidae-pure-petite-small-breed/dp/632502,0,0,0,0
632526,https://www.chewy.com/canidae-pure-limited-ingredient/dp/632526,0,0,0,0
632534,https://www.chewy.com/canidae-pure-limited-ingredient-duck/dp/632534,0,0,0,0
632542,https://www.chewy.com/canidae-pure-limited-ingredient-duck/dp/632542,0,0,0,0
632566,https://www.chewy.com/canidae-pure-limited-ingredient-duck/dp/632566,0,0,0,0
632582,https://www.chewy.com/canidae-pure-limited-ingredient-lamb/dp/632582,0,0,0,0
632590,https://www.chewy.com/canidae-pure-limited-ingredient-lamb/dp/632590,0,0,0,0
632598,https://www.chewy.com/canidae-pure-limited-ingredient-duck/dp/632598,0,0,0,0
632614,https://www.chewy.com/canidae-pure-limited-ingredient/dp/632614,0,0,0,0
632686,https://www.chewy.com/canidae-pure-heaven-biscuits-salmon/dp/632686,0,0,0,0
632694,https://www.chewy.com/canidae-lamb-rice-formula-chicken/dp/632694,0,0,0,0
632702,https://www.chewy.com/canidae-chicken-lamb-fish-formula/dp/632702,0,0,0,0
632726,https://www.chewy.com/canidae-chicken-lamb-fish-formula/dp/632726,0,0,0,0
638790,https://www.chewy.com/justfoodfordogs-veterinary-diet/dp/638790,0,0,0,1
647350,https://www.chewy.com/hills-prescription-diet-derm-complete/dp/647350,0,0,0,1
656814,https://www.chewy.com/hills-science-diet-7-chicken-barley/dp/656814,0,0,0,0
656886,https://www.chewy.com/hills-science-diet-sensitive-stomach/dp/656886,0,0,0,0
656910,https://www.chewy.com/eukanuba-beef-vegetable-stew-mixed/dp/656910,0,0,0,0
656918,https://www.chewy.com/hills-science-diet-chicken-barley/dp/656918,0,0,0,0
656998,https://www.chewy.com/hills-science-diet-beef-barley-entree/dp/656998,0,0,0,0
657022,https://www.chewy.com/natures-logic-canine-chicken-feast/dp/657022,0,0,0,0
657038,https://www.chewy.com/hills-science-diet-7-beef-barley/dp/657038,0,0,0,0
657166,https://www.chewy.com/variety-pack-hills-science-diet-7/dp/657166,0,0,0,0
657182,https://www.chewy.com/variety-pack-hills-science-diet/dp/657182,0,0,0,0
658126,https://www.chewy.com/american-natural-premium-grain-free/dp/658126,0,0,0,1
680662,https://www.chewy.com/firstmate-small-bites-cage-free-duck/dp/680662,0,0,0,1
680678,https://www.chewy.com/firstmate-large-breed-puppy-formula/dp/680678,0,0,0,1
680702,https://www.chewy.com/firstmate-seniorweight-control/dp/680702,0,0,0,1
685790,https://www.chewy.com/blue-seal-native-level-2-dry-dog-food/dp/685790,0,0,0,1
685806,https://www.chewy.com/blue-seal-native-level-4-dry-dog-food/dp/685806,0,0,0,1
688806,https://www.chewy.com/pedigree-complete-nutrition-grilled/dp/688806,0,0,0,0
688854,https://www.chewy.com/pedigree-chopped-ground-dinner/dp/688854,0,0,0,0
688886,https://www.chewy.com/pedigree-choice-cuts-in-gravy-variety/dp/688886,0,0,0,0
688894,https://www.chewy.com/pedigree-adult-complete-nutrition/dp/688894,0,0,0,0
688902,https://www.chewy.com/pedigree-complete-nutrition-grilled/dp/688902,0,0,0,0
688910,https://www.chewy.com/pedigree-healthy-weight-roasted/dp/688910,0,0,0,0
688958,https://www.chewy.com/pedigree-chopped-meaty-ground-dinner/dp/688958,0,0,0,0
688974,https://www.chewy.com/cesar-classic-loaf-in-sauce-beef/dp/688974,0,0,0,0
688982,https://www.chewy.com/cesar-classic-loaf-in-sauce-beef/dp/688982,0,0,0,0
688998,https://www.chewy.com/cesar-home-delights-classic-loaf-in/dp/688998,0,0,0,0
689006,https://www.chewy.com/cesar-home-delights-slow-cooked/dp/689006,0,0,0,0
689022,https://www.chewy.com/cesar-rotisserie-chicken-flavor/dp/689022,0,0,0,0
689030,https://www.chewy.com/cesar-softies-medley-treats-poultry/dp/689030,0,0,0,0
689054,https://www.chewy.com/cesar-simply-crafted-cuisine/dp/689054,0,0,0,0
689062,https://www.chewy.com/cesar-wholesome-bowls-chicken-carrots/dp/689062,0,0,0,0
689526,https://www.chewy.com/crave-high-protein-chicken-adult/dp/689526,0,0,0,1
693182,https://www.chewy.com/freshpet-dognation-turkey-bacon-fresh/dp/693182,0,0,0,0
693190,https://www.chewy.com/freshpet-vital-chicken-beef-salmon/dp/693190,0,0,0,0
693526,https://www.chewy.com/instinct-freeze-dried-raw-meals-real/dp/693526,0,0,0,0
693550,https://www.chewy.com/instinct-raw-boost-recipe-real-beef/dp/693550,0,0,0,0
693566,https://www.chewy.com/instinct-frozen-raw-bites-real-beef/dp/693566,0,0,0,0
693574,https://www.chewy.com/instinct-freeze-dried-raw-meals-real/dp/693574,0,0,0,0
693582,https://www.chewy.com/instinct-raw-boost-recipe-real/dp/693582,0,0,0,0
693598,https://www.chewy.com/instinct-freeze-dried-raw-boost/dp/693598,0,0,0,0
693630,https://www.chewy.com/instinct-frozen-raw-bites-real-beef/dp/693630,0,0,0,0
693702,https://www.chewy.com/instinct-frozen-raw-patties-real-beef/dp/693702,0,0,0,0
694438,https://www.chewy.com/justfoodfordogs-sampler-variety-box/dp/694438,0,0,0,0
696550,https://www.chewy.com/health-wellness-instinct-gut-health/dp/696550,0,0,0,0
696566,https://www.chewy.com/variety-pack-instinct-frozen-raw/dp/696566,0,0,0,0
711246,https://www.chewy.com/blue-buffalo-wilderness-rocky/dp/711246,0,0,0,1
711262,https://www.chewy.com/blue-buffalo-wilderness-rocky/dp/711262,0,0,0,1
711278,https://www.chewy.com/blue-buffalo-wilderness-rocky/dp/711278,0,0,0,1
711294,https://www.chewy.com/blue-buffalo-wilderness-rocky/dp/711294,0,0,0,1
711310,https://www.chewy.com/blue-buffalo-wilderness-rocky/dp/711310,0,0,0,1
713950,https://www.chewy.com/freshpet-dognation-chicken-recipe/dp/713950,0,0,0,1
715326,https://www.chewy.com/variety-pack-honest-kitchen-bone/dp/715326,0,0,0,0
715334,https://www.chewy.com/variety-pack-honest-kitchen-one-pot/dp/715334,0,0,0,0
715342,https://www.chewy.com/variety-pack-honest-kitchen-butcher/dp/715342,0,0,0,0
715590,https://www.chewy.com/honest-kitchen-whole-grain-beef/dp/715590,0,0,0,0
715598,https://www.chewy.com/honest-kitchen-chicken-recipe-beef/dp/715598,0,0,0,0
715606,https://www.chewy.com/honest-kitchen-whole-grain-turkey/dp/715606,0,0,0,0
715614,https://www.chewy.com/honest-kitchen-whole-grain-turkey/dp/715614,0,0,0,0
715622,https://www.chewy.com/honest-kitchen-whole-grain-turkey/dp/715622,0,0,0,0
715630,https://www.chewy.com/honest-kitchen-whole-grain-chicken/dp/715630,0,0,0,0
715742,https://www.chewy.com/honest-kitchen-whole-grain-chicken/dp/715742,0,0,0,0
715750,https://www.chewy.com/honest-kitchen-pumpkin-pour-overs/dp/715750,0,0,0,0
715782,https://www.chewy.com/honest-kitchen-chicken-whole-food/dp/715782,0,0,0,0
715790,https://www.chewy.com/honest-kitchen-bone-broth-pour-overs/dp/715790,0,0,0,0
721950,https://www.chewy.com/halo-holistic-complete-digestive/dp/721950,0,0,0,1
721982,https://www.chewy.com/halo-holistic-complete-digestive/dp/721982,0,0,0,1
727278,https://www.chewy.com/v-dog-kind-kibble-vegan-adult-dry-dog/dp/727278,0,0,0,1
727302,https://www.chewy.com/ketonatural-ketona-salmon-recipe/dp/727302,0,0,0,1
730598,https://www.chewy.com/honest-kitchen-chicken-whole-food/dp/730598,0,0,0,0
730622,https://www.chewy.com/honest-kitchen-chicken-beef-whole/dp/730622,0,0,0,0
730630,https://www.chewy.com/honest-kitchen-chicken-recipe-turkey/dp/730630,0,0,0,0
730638,https://www.chewy.com/honest-kitchen-turkey-beef-whole-food/dp/730638,0,0,0,0
730646,https://www.chewy.com/honest-kitchen-whole-grain-turkey/dp/730646,0,0,0,0
730654,https://www.chewy.com/honest-kitchen-butcher-block-pate/dp/730654,0,0,0,0
730662,https://www.chewy.com/honest-kitchen-bone-broth-pour-overs/dp/730662,0,0,0,0
730670,https://www.chewy.com/honest-kitchen-bone-broth-pour-overs/dp/730670,0,0,0,0
733454,https://www.chewy.com/blue-buffalo-wilderness-large-breed/dp/733454,0,0,0,1
733462,https://www.chewy.com/blue-buffalo-wilderness-adult-high/dp/733462,0,0,0,1
733494,https://www.chewy.com/blue-buffalo-wilderness-adult-high/dp/733494,0,0,0,1
733510,https://www.chewy.com/blue-buffalo-wilderness-puppy-high/dp/733510,0,0,0,1
735390,https://www.chewy.com/blue-buffalo-high-protein-puppy/dp/735390,0,0,0,1
735454,https://www.chewy.com/blue-buffalo-wilderness-senior-high/dp/735454,0,0,0,1
735486,https://www.chewy.com/blue-buffalo-wilderness-adult-high/dp/735486,0,0,0,1
735502,https://www.chewy.com/blue-buffalo-wilderness-healthy/dp/735502,0,0,0,1
735518,https://www.chewy.com/blue-buffalo-wilderness-large-breed/dp/735518,0,0,0,1
735534,https://www.chewy.com/blue-buffalo-wilderness-large-breed/dp/735534,0,0,0,1
735550,https://www.chewy.com/blue-buffalo-wilderness-large-breed/dp/735550,0,0,0,1
735590,https://www.chewy.com/blue-buffalo-wilderness-rocky/dp/735590,0,0,0,1
741254,https://www.chewy.com/acana-premium-chunks-beef-recipe-in/dp/741254,0,0,0,1
741270,https://www.chewy.com/acana-premium-chunks-duck-recipe-in/dp/741270,0,0,0,1
741286,https://www.chewy.com/acana-premium-chunks-lamb-recipe-in/dp/741286,0,0,0,1
741302,https://www.chewy.com/acana-premium-chunks-pork-recipe-in/dp/741302,0,0,0,1
741318,https://www.chewy.com/acana-premium-chunks-poultry-recipe/dp/741318,0,0,0,1
741334,https://www.chewy.com/acana-premium-pate-puppy-recipe-in/dp/741334,0,0,0,1
741398,https://www.chewy.com/orijen-puppy-recipe-poultry-fish-pate/dp/741398,0,0,0,1
741414,https://www.chewy.com/orijen-real-meat-shreds-beef-recipe/dp/741414,0,0,0,1
741430,https://www.chewy.com/orijen-real-meat-shreds-chicken/dp/741430,0,0,0,1
741446,https://www.chewy.com/orijen-real-meat-shreds-original-stew/dp/741446,0,0,0,1
741462,https://www.chewy.com/orijen-real-meat-shreds-regional-stew/dp/741462,0,0,0,1
741478,https://www.chewy.com/orijen-real-meat-shreds-tundra-stew/dp/741478,0,0,0,1
743854,https://www.chewy.com/dog-food-treats-starter-pack-pedigree/dp/743854,0,0,0,0
743862,https://www.chewy.com/dog-food-treats-starter-pack-pedigree/dp/743862,0,0,0,0
743998,https://www.chewy.com/dog-food-treats-starter-pack-cesar/dp/743998,0,0,0,0
744006,https://www.chewy.com/dog-food-treats-starter-pack-cesar/dp/744006,0,0,0,0
744358,https://www.chewy.com/merrick-kitchen-comforts-chicken-rice/dp/744358,0,0,0,1
744374,https://www.chewy.com/merrick-kitchen-comforts-brown-rice/dp/744374,0,0,0,1
744390,https://www.chewy.com/merrick-kitchen-comforts-beef-brown/dp/744390,0,0,0,1
744406,https://www.chewy.com/merrick-kitchen-comforts-lamb-rice/dp/744406,0,0,0,1
749790,https://www.chewy.com/justfoodfordogs-pantry-fresh-beef/dp/749790,0,0,0,1
749806,https://www.chewy.com/justfoodfordogs-pantry-fresh-beef/dp/749806,0,0,0,1
749854,https://www.chewy.com/justfoodfordogs-pantry-fresh-beef/dp/749854,0,0,0,1
749886,https://www.chewy.com/justfoodfordogs-pantry-fresh-lamb/dp/749886,0,0,0,1
755790,https://www.chewy.com/instinct-meals-wild-caught-alaskan/dp/755790,0,0,0,1
761502,https://www.chewy.com/iams-proactive-health-classic-ground/dp/761502,0,0,0,0
761510,https://www.chewy.com/iams-adult-large-breed-real-chicken/dp/761510,0,0,0,0
761518,https://www.chewy.com/iams-proactive-health-classic-ground/dp/761518,0,0,0,0
761526,https://www.chewy.com/iams-minichunks-small-kibble-high/dp/761526,0,0,0,0
761534,https://www.chewy.com/iams-minichunks-small-kibble-large/dp/761534,0,0,0,0
761566,https://www.chewy.com/iams-proactive-health-classic-ground/dp/761566,0,0,0,0
761574,https://www.chewy.com/iams-minichunks-small-kibble-healthy/dp/761574,0,0,0,0
761606,https://www.chewy.com/iams-proactive-health-classic-ground/dp/761606,0,0,0,0
761614,https://www.chewy.com/iams-proactive-health-classic-ground/dp/761614,0,0,0,0
761638,https://www.chewy.com/iams-minichunks-small-kibble/dp/761638,0,0,0,0
761646,https://www.chewy.com/iams-minichunks-small-kibble/dp/761646,0,0,0,0
761734,https://www.chewy.com/blue-buffalo-blue-wilderness-premier/dp/761734,0,0,0,1
764062,https://www.chewy.com/freshpet-vital-beef-lamb-grain-free/dp/764062,0,0,0,1
764102,https://www.chewy.com/inukshuk-performance-marine-16-dog/dp/764102,0,0,0,1
765326,https://www.chewy.com/hills-prescription-diet-onc-care-dry/dp/765326,0,0,0,1
765358,https://www.chewy.com/hills-prescription-diet-onc-care/dp/765358,0,0,0,1
765374,https://www.chewy.com/halo-holistic-complete-digestive/dp/765374,0,0,0,1
765542,https://www.chewy.com/natural-balance-limited-ingredient/dp/765542,0,0,0,1
765662,https://www.chewy.com/jinx-chicken-homestyle-wet-dog-food-9/dp/765662,0,0,0,1
765678,https://www.chewy.com/jinx-beef-chicken-homestyle-grain/dp/765678,0,0,0,1
766710,https://www.chewy.com/royal-canin-size-health-nutrition/dp/766710,0,0,0,1
766742,https://www.chewy.com/royal-canin-size-health-nutrition/dp/766742,0,0,0,1
767422,https://www.chewy.com/instinct-frozen-raw-bites-grain-free/dp/767422,0,0,0,1
767934,https://www.chewy.com/hills-science-diet-adult-perfect/dp/767934,0,0,0,1
771766,https://www.chewy.com/eukanuba-mixed-grill-chicken-beef/dp/771766,0,0,0,0
771790,https://www.chewy.com/iams-minichunks-small-kibble-high/dp/771790,0,0,0,0
771830,https://www.chewy.com/pedigree-small-dog-complete-nutrition/dp/771830,0,0,0,0
771846,https://www.chewy.com/pedigree-chopped-ground-dinner/dp/771846,0,0,0,0
771990,https://www.chewy.com/eukanuba-beef-vegetable-stew-lamb/dp/771990,0,0,0,0
772390,https://www.chewy.com/rachael-ray-nutrish-gentle-digestion/dp/772390,0,0,0,0
772510,https://www.chewy.com/rachael-ray-nutrish-real-chicken/dp/772510,0,0,0,0
772622,https://www.chewy.com/rachael-ray-nutrish-limited/dp/772622,0,0,0,0
772638,https://www.chewy.com/rachael-ray-nutrish-real-chicken/dp/772638,0,0,0,0
772646,https://www.chewy.com/rachael-ray-nutrish-real-beef-pea/dp/772646,0,0,0,0
772662,https://www.chewy.com/rachael-ray-nutrish-real-chicken/dp/772662,0,0,0,0
772670,https://www.chewy.com/rachael-ray-nutrish-real-beef-pea/dp/772670,0,0,0,0
772678,https://www.chewy.com/rachael-ray-nutrish-real-turkey-brown/dp/772678,0,0,0,0
772686,https://www.chewy.com/rachael-ray-nutrish-real-chicken/dp/772686,0,0,0,0
772694,https://www.chewy.com/rachael-ray-nutrish-real-beef-pea/dp/772694,0,0,0,0
772702,https://www.chewy.com/rachael-ray-nutrish-real-turkey-brown/dp/772702,0,0,0,0
772718,https://www.chewy.com/rachael-ray-nutrish-real-beef-pea/dp/772718,0,0,0,0
772726,https://www.chewy.com/rachael-ray-nutrish-real-turkey-brown/dp/772726,0,0,0,0
774158,https://www.chewy.com/royal-canin-size-health-nutrition/dp/774158,0,0,0,1
774390,https://www.chewy.com/orijen-puppy-recipe-poultry-fish-pate/dp/774390,0,0,0,0
774398,https://www.chewy.com/orijen-real-meat-shreds-beef-recipe/dp/774398,0,0,0,0
774406,https://www.chewy.com/acana-premium-chunks-beef-recipe-in/dp/774406,0,0,0,0
774414,https://www.chewy.com/acana-premium-chunks-poultry-recipe/dp/774414,0,0,0,0
774422,https://www.chewy.com/acana-premium-pate-puppy-recipe-in/dp/774422,0,0,0,0
774430,https://www.chewy.com/orijen-real-meat-shreds-regional-stew/dp/774430,0,0,0,0
774438,https://www.chewy.com/orijen-real-meat-shreds-original-stew/dp/774438,0,0,0,0
774462,https://www.chewy.com/acana-premium-chunks-duck-recipe-in/dp/774462,0,0,0,0
774838,https://www.chewy.com/cesar-classic-loaf-in-sauce-variety/dp/774838,0,0,0,1
778398,https://www.chewy.com/wellness-core-digestive-health/dp/778398,0,0,1,1
778774,https://www.chewy.com/royal-canin-size-health-nutrition/dp/778774,0,0,0,1
778790,https://www.chewy.com/royal-canin-size-health-nutrition/dp/778790,0,0,0,1
779118,https://www.chewy.com/hills-science-diet-puppy-small-bites/dp/779118,0,0,0,1
779126,https://www.chewy.com/hills-science-diet-puppy-large-breed/dp/779126,0,0,0,1
779134,https://www.chewy.com/hills-science-diet-puppy-chicken/dp/779134,0,0,0,1
779142,https://www.chewy.com/hills-science-diet-puppy-large-breed/dp/779142,0,0,0,1
781950,https://www.chewy.com/merrick-kitchen-comforts-real-meat/dp/781950,0,0,0,1
782838,https://www.chewy.com/firstmate-limited-ingredient-diet/dp/782838,0,0,0,1
782846,https://www.chewy.com/firstmate-limited-ingredient-diet/dp/782846,0,0,0,1
782854,https://www.chewy.com/firstmate-limited-ingredient-diet/dp/782854,0,0,0,1
782862,https://www.chewy.com/firstmate-limited-ingredient-diet/dp/782862,0,0,0,1
782870,https://www.chewy.com/firstmate-limited-ingredient-diet/dp/782870,0,0,0,1
783510,https://www.chewy.com/health-condition-wellness-digestive/dp/783510,0,0,0,0
783670,https://www.chewy.com/wellness-belly-digestive-health/dp/783670,0,0,0,0
783678,https://www.chewy.com/wellness-belly-digestive-health/dp/783678,0,0,0,0
783686,https://www.chewy.com/wellness-belly-digestive-health/dp/783686,0,0,0,0
783718,https://www.chewy.com/wellness-shine-skin-coat-bacon-flavor/dp/783718,0,0,0,0
783726,https://www.chewy.com/wellness-move-hip-joint-support/dp/783726,0,0,0,0
783734,https://www.chewy.com/wellness-move-hip-joint-support/dp/783734,0,0,0,0
783742,https://www.chewy.com/wellness-move-hip-joint-support/dp/783742,0,0,0,0
783750,https://www.chewy.com/wellness-move-hip-joint-support/dp/783750,0,0,0,0
787110,https://www.chewy.com/canidae-pure-2-in-1-goodness-pate/dp/787110,0,0,0,1
787126,https://www.chewy.com/canidae-pure-real-chicken-rice-bone/dp/787126,0,0,0,1
787142,https://www.chewy.com/canidae-pure-real-turkey-rice-bone/dp/787142,0,0,0,1
793670,https://www.chewy.com/vital-essentials-duck-mini-patties/dp/793670,0,0,0,1
793734,https://www.chewy.com/vital-essentials-rabbit-mini-patties/dp/793734,0,0,0,1
793886,https://www.chewy.com/a-better-treat-raw-salmon-dog-freeze/dp/793886,0,0,0,1
793918,https://www.chewy.com/a-better-treat-chicken-dog-freeze-dried/dp/793918,0,0,0,1
794694,https://www.chewy.com/ultimates-bison-rice-dry-dog-food-28/dp/794694,0,0,0,1
794870,https://www.chewy.com/hills-science-diet-adult-perfect/dp/794870,0,0,0,1
794886,https://www.chewy.com/hills-science-diet-adult-perfect/dp/794886,0,0,0,1
794894,https://www.chewy.com/hills-science-diet-adult-perfect/dp/794894,0,0,0,1
794902,https://www.chewy.com/hills-science-diet-adult-perfect/dp/794902,0,0,0,1
796158,https://www.chewy.com/blue-buffalo-wilderness-adult-chicken/dp/796158,0,0,0,0
796166,https://www.chewy.com/blue-buffalo-wilderness-chicken/dp/796166,0,0,0,0
796182,https://www.chewy.com/blue-buffalo-wilderness-duck-dry-food/dp/796182,0,0,0,0
796198,https://www.chewy.com/blue-buffalo-wilderness-beef-salmon/dp/796198,0,0,0,0
796206,https://www.chewy.com/blue-buffalo-wilderness-rmr-red-meat/dp/796206,0,0,0,0
796214,https://www.chewy.com/blue-buffalo-wilderness-large-breed/dp/796214,0,0,0,0
796222,https://www.chewy.com/blue-buffalo-wilderness-rmr-red-meat/dp/796222,0,0,0,0
796238,https://www.chewy.com/blue-buffalo-wilderness-chicken-dry/dp/796238,0,0,0,0
796246,https://www.chewy.com/blue-buffalo-wilderness-healthy/dp/796246,0,0,0,0
796254,https://www.chewy.com/blue-buffalo-wilderness-salmon-dry/dp/796254,0,0,0,0
804046,https://www.chewy.com/hills-science-diet-puppy-lamb-meal/dp/804046,0,0,0,1
804086,https://www.chewy.com/hills-science-diet-puppy-chicken-rice/dp/804086,0,0,0,1
804374,https://www.chewy.com/purina-pro-plan-veterinary-diets-om/dp/804374,0,0,0,1
812814,https://www.chewy.com/american-natural-premium-original/dp/812814,0,0,0,1
812982,https://www.chewy.com/halo-holistic-complete-digestive/dp/812982,0,0,0,1
816774,https://www.chewy.com/blue-buffalo-natural-veterinary-diet/dp/816774,0,0,0,1
819494,https://www.chewy.com/hills-science-diet-perfect-weight/dp/819494,0,0,0,1
819510,https://www.chewy.com/hills-science-diet-perfect-weight/dp/819510,0,0,0,1
820854,https://www.chewy.com/vital-essentials-freeze-dried-raw/dp/820854,0,0,0,1
820878,https://www.chewy.com/vital-essentials-freeze-dried-raw/dp/820878,0,0,0,1
820902,https://www.chewy.com/vital-essentials-freeze-dried-raw/dp/820902,0,0,0,1
820926,https://www.chewy.com/vital-essentials-freeze-dried-raw/dp/820926,0,0,0,1
820950,https://www.chewy.com/vital-essentials-freeze-dried-raw/dp/820950,0,0,0,1
821534,https://www.chewy.com/vital-essentials-freeze-dried-raw/dp/821534,0,0,0,1
822678,https://www.chewy.com/acana-wholesome-grains-real-chicken/dp/822678,0,0,0,1
822694,https://www.chewy.com/acana-wholesome-grains-large-breed/dp/822694,0,0,0,1
822710,https://www.chewy.com/acana-wholesome-grains-large-breed/dp/822710,0,0,0,1
822958,https://www.chewy.com/wholesomes-chicken-meal-potatoes/dp/822958,0,0,0,0
822966,https://www.chewy.com/wholesomes-grain-free-beef-meal/dp/822966,0,0,0,0
822974,https://www.chewy.com/earthborn-holistic-k95-turkey-recipe/dp/822974,0,0,0,0
822982,https://www.chewy.com/earthborn-holistic-k95-duck-recipe/dp/822982,0,0,0,0
822990,https://www.chewy.com/earthborn-holistic-k95-beef-recipe/dp/822990,0,0,0,0
823030,https://www.chewy.com/wholesomes-sensitive-skin-stomach/dp/823030,0,0,0,0
823678,https://www.chewy.com/blue-buffalo-natural-veterinary-diet/dp/823678,0,0,0,1
824998,https://www.chewy.com/rachael-ray-nutrish-real-salmon/dp/824998,0,0,0,1
825806,https://www.chewy.com/hills-science-diet-oral-care-small/dp/825806,0,0,0,1
825830,https://www.chewy.com/stella-chewys-superblends-raw-coated/dp/825830,0,0,0,1
825854,https://www.chewy.com/stella-chewys-superblends-raw-coated/dp/825854,0,0,0,1
825878,https://www.chewy.com/stella-chewys-superblends-raw-coated/dp/825878,0,0,0,1
825902,https://www.chewy.com/stella-chewys-superblends-raw-coated/dp/825902,0,0,0,1
825926,https://www.chewy.com/stella-chewys-superblends-raw-blend/dp/825926,0,0,0,1
825950,https://www.chewy.com/stella-chewys-superblends-raw-blend/dp/825950,0,0,0,1
825974,https://www.chewy.com/stella-chewys-superblends-raw-blend/dp/825974,0,0,0,1
825998,https://www.chewy.com/stella-chewys-superblends-raw-blend/dp/825998,0,0,0,1
826566,https://www.chewy.com/acana-butchers-favorites-grain-free/dp/826566,0,0,0,1
826590,https://www.chewy.com/acana-butchers-favorites-grain-free/dp/826590,0,0,0,1
826614,https://www.chewy.com/acana-butchers-favorites-grain-free/dp/826614,0,0,0,1
836038,https://www.chewy.com/earth-animal-wisdom-air-dried-turkey/dp/836038,0,0,0,1
836054,https://www.chewy.com/earth-animal-wisdom-air-dried-from/dp/836054,0,0,0,1
837598,https://www.chewy.com/health-extension-digestive-support/dp/837598,0,0,0,1
837782,https://www.chewy.com/farmina-vet-life-hp-derma-canine-dry/dp/837782,0,0,0,1
837814,https://www.chewy.com/farmina-vet-life-derma-man-fish/dp/837814,0,0,0,1
837838,https://www.chewy.com/farmina-vet-life-gastrointestinal/dp/837838,0,0,0,1
837910,https://www.chewy.com/farmina-vet-life-urinary-st/dp/837910,0,0,0,1
838262,https://www.chewy.com/hills-science-diet-puppy-small-mini/dp/838262,0,0,0,1
840814,https://www.chewy.com/sportmix-premium-stamina-2418-adult/dp/840814,0,0,0,1
840822,https://www.chewy.com/sportsmans-pride-professional-3020/dp/840822,0,0,0,1
840982,https://www.chewy.com/nobl3-canine-everyday-beef-chicken/dp/840982,0,0,0,1
840998,https://www.chewy.com/nobl3-canine-everyday-beef-chicken/dp/840998,0,0,0,1
841014,https://www.chewy.com/nobl-canine-on-go-beef-chicken-dog/dp/841014,0,0,0,1
841030,https://www.chewy.com/nobl-canine-on-go-turkey-duck-dog/dp/841030,0,0,0,1
841046,https://www.chewy.com/nobl-canine-bulk-beef-chicken-dog/dp/841046,0,0,0,1
841062,https://www.chewy.com/nobl-canine-bulk-turkey-duck-dog-food/dp/841062,0,0,0,1
841270,https://www.chewy.com/canisource-grand-cru-grain-free/dp/841270,0,0,0,1
841302,https://www.chewy.com/canisource-grand-cru-surf-turf/dp/841302,0,0,0,1
841846,https://www.chewy.com/solid-gold-nutrient-boost-wolf-king/dp/841846,0,0,0,1
843078,https://www.chewy.com/evangers-meat-lovers-medley-rabbit/dp/843078,0,0,0,1
845246,https://www.chewy.com/jinx-salmon-brown-rice-sweet-potato/dp/845246,0,0,0,1
845262,https://www.chewy.com/jinx-salmon-sweet-potato-carrot-als/dp/845262,0,0,0,1
845278,https://www.chewy.com/jinx-chicken-brown-rice-sweet-potato/dp/845278,0,0,0,1
845294,https://www.chewy.com/jinx-chicken-sweet-potato-carrot-als/dp/845294,0,0,0,1
845310,https://www.chewy.com/jinx-beef-brown-rice-sweet-potato-als/dp/845310,0,0,0,1
845646,https://www.chewy.com/variety-pack-freshpet-vital-beef-lamb/dp/845646,0,0,0,0
845654,https://www.chewy.com/variety-pack-freshpet-vital-multi-55/dp/845654,0,0,0,0
845662,https://www.chewy.com/variety-pack-freshpet-vital-beef-lamb/dp/845662,0,0,0,0
845670,https://www.chewy.com/variety-pack-freshpet-vital-beef-lamb/dp/845670,0,0,0,0
845678,https://www.chewy.com/variety-pack-freshpet-vital-multi/dp/845678,0,0,0,0
845686,https://www.chewy.com/variety-pack-freshpet-vital-beef-lamb/dp/845686,0,0,0,0
851006,https://www.chewy.com/gentle-giants-natural-non-gmo-chicken/dp/851006,0,0,0,1
851678,https://www.chewy.com/hills-science-diet-adult-sensitive/dp/851678,0,0,0,1
853750,https://www.chewy.com/freshpet-vital-benefits-digestive/dp/853750,0,0,0,1
853758,https://www.chewy.com/freshpet-vital-benefits-joint-health/dp/853758,0,0,0,1
854502,https://www.chewy.com/iams-proactive-health-active-chicken/dp/854502,0,0,0,0
854510,https://www.chewy.com/iams-advanced-health-skin-coat/dp/854510,0,0,0,0
854518,https://www.chewy.com/iams-proactive-health-active-chicken/dp/854518,0,0,0,0
854526,https://www.chewy.com/iams-advanced-health-skin-coat/dp/854526,0,0,0,0
854534,https://www.chewy.com/iams-proactive-health-minichunks/dp/854534,0,0,0,0
854542,https://www.chewy.com/iams-proactive-health-minichunks/dp/854542,0,0,0,0
854550,https://www.chewy.com/iams-proactive-health-minichunks/dp/854550,0,0,0,0
854558,https://www.chewy.com/iams-proactive-health-minichunks/dp/854558,0,0,0,0
854566,https://www.chewy.com/iams-proactive-health-minichunks/dp/854566,0,0,0,0
854574,https://www.chewy.com/iams-proactive-health-minichunks/dp/854574,0,0,0,0
854582,https://www.chewy.com/iams-proactive-health-active-chicken/dp/854582,0,0,0,0
855614,https://www.chewy.com/hills-science-diet-puppy-small-mini/dp/855614,0,0,0,1
855846,https://www.chewy.com/royal-canin-size-health-nutrition/dp/855846,0,0,0,1
855894,https://www.chewy.com/go-solutions-sensitivities-limited/dp/855894,0,0,0,1
855918,https://www.chewy.com/go-solutions-skin-coat-grains-adult/dp/855918,0,0,0,1
855942,https://www.chewy.com/go-solutions-skin-coat-grains-puppy/dp/855942,0,0,0,1
857246,https://www.chewy.com/merrick-lil-plates-petite-pates-adult/dp/857246,0,0,0,1
857262,https://www.chewy.com/merrick-lil-plates-petite-pates-adult/dp/857262,0,0,0,1
857278,https://www.chewy.com/merrick-lil-plates-petite-pates-adult/dp/857278,0,0,0,1
857294,https://www.chewy.com/merrick-lil-plates-petite-pates-adult/dp/857294,0,0,0,1
861534,https://www.chewy.com/solid-gold-nutrientboost-leaping/dp/861534,0,0,0,1
870430,https://www.chewy.com/solid-gold-nutrientboost-mighty-mini/dp/870430,0,0,0,1
871286,https://www.chewy.com/primalvore-grass-fed-beef-bone-broth/dp/871286,0,0,0,1
871302,https://www.chewy.com/primalvore-free-range-chicken-bone/dp/871302,0,0,0,1
872670,https://www.chewy.com/firstmate-limited-ingredient-cage/dp/872670,0,0,0,1
872694,https://www.chewy.com/firstmate-grain-friendly-cage-free/dp/872694,0,0,0,1
877694,https://www.chewy.com/purina-pro-plan-adult-sensitive-skin/dp/877694,0,0,0,1
877710,https://www.chewy.com/purina-pro-plan-adult-sensitive-skin/dp/877710,0,0,0,1
877742,https://www.chewy.com/purina-pro-plan-adult-sensitive-skin/dp/877742,0,0,0,1
877790,https://www.chewy.com/purina-pro-plan-sensitive-skin/dp/877790,0,0,0,1
878422,https://www.chewy.com/petplate-human-grade-chompin-chicken/dp/878422,0,0,0,1
878454,https://www.chewy.com/petplate-human-grade-tail-waggin/dp/878454,0,0,0,1
878494,https://www.chewy.com/petplate-human-grade-barkin-beef/dp/878494,0,0,0,1
878558,https://www.chewy.com/petplate-human-grade-lip-lickin-lamb/dp/878558,0,0,0,1
878574,https://www.chewy.com/petplate-human-grade-care-free-coat/dp/878574,0,0,0,1
878630,https://www.chewy.com/petplate-human-grade-grateful-gut/dp/878630,0,0,0,1
878654,https://www.chewy.com/petplate-human-grade-variety-sample/dp/878654,0,0,0,1
878718,https://www.chewy.com/under-weather-rice-chicken-freeze/dp/878718,0,0,0,1
878734,https://www.chewy.com/under-weather-rice-chicken-pumpkin/dp/878734,0,0,0,1
878750,https://www.chewy.com/under-weather-rice-hamburger-sweet/dp/878750,0,0,0,1
878766,https://www.chewy.com/under-weather-rice-turkey-sweet/dp/878766,0,0,0,1
878782,https://www.chewy.com/under-weather-rice-chicken-bone-broth/dp/878782,0,0,0,1
878814,https://www.chewy.com/under-weather-variety-pack-freeze/dp/878814,0,0,0,1
882734,https://www.chewy.com/halo-holistic-garden-vegan-recipe/dp/882734,0,0,0,0
882742,https://www.chewy.com/halo-holistic-vegan-dog-food-complete/dp/882742,0,0,0,0
882750,https://www.chewy.com/halo-holistic-garden-vegan-recipe/dp/882750,0,0,0,0
882758,https://www.chewy.com/halo-holistic-garden-vegan-recipe/dp/882758,0,0,0,0
882774,https://www.chewy.com/gentle-giants-non-gmo-dog-puppy-beef/dp/882774,0,0,0,0
882790,https://www.chewy.com/natural-balance-rewards-jumpin-stix/dp/882790,0,0,0,0
882798,https://www.chewy.com/halo-holistic-garden-vegan-recipe/dp/882798,0,0,0,0
882806,https://www.chewy.com/halo-holistic-garden-vegan-recipe/dp/882806,0,0,0,0
882846,https://www.chewy.com/cesar-classic-loaf-in-sauce-adult/dp/882846,0,0,0,0
882926,https://www.chewy.com/solid-gold-nutrientboost-love-at/dp/882926,0,0,0,1
882942,https://www.chewy.com/solid-gold-nutrientboost-barking-at/dp/882942,0,0,0,1
882958,https://www.chewy.com/solid-gold-wolf-cub-bison-oatmeal/dp/882958,0,0,0,1
886398,https://www.chewy.com/pawfect-natures-kitchen-freeze-dried/dp/886398,0,0,0,1
891678,https://www.chewy.com/merrick-lil-plates-petite-pates-grain/dp/891678,0,0,0,1
908390,https://www.chewy.com/solid-gold-nutrientboost-hund-n/dp/908390,0,0,0,1
910062,https://www.chewy.com/solid-gold-nutrientboost-buck-wild/dp/910062,0,0,0,1
910806,https://www.chewy.com/annamaet-original-sensitive-skin/dp/910806,0,0,0,1
916334,https://www.chewy.com/cesar-classic-loaf-in-sauce-beef/dp/916334,0,0,0,0
916430,https://www.chewy.com/gentle-giants-dog-puppy-chicken-dry/dp/916430,0,0,0,0
916438,https://www.chewy.com/blue-buffalo-homestyle-recipe-senior/dp/916438,0,0,0,0
916486,https://www.chewy.com/blue-buffalo-life-protection-formula/dp/916486,0,0,0,0
916494,https://www.chewy.com/pedigree-complete-nutrition-roasted/dp/916494,0,0,0,0
916502,https://www.chewy.com/cesar-classic-loaf-in-sauce-variety/dp/916502,0,0,0,0
916550,https://www.chewy.com/cesar-home-delights-classic-loaf-in/dp/916550,0,0,0,0
916662,https://www.chewy.com/blue-buffalo-life-protection-formula/dp/916662,0,0,0,0
916670,https://www.chewy.com/pedigree-complete-nutrition-grilled/dp/916670,0,0,0,0
916686,https://www.chewy.com/rachael-ray-nutrish-real-beef-pea/dp/916686,0,0,0,0
917238,https://www.chewy.com/daves-pet-food-kidney-support-renal/dp/917238,0,0,0,1
919278,https://www.chewy.com/wild-earth-maintenance-formula-golden/dp/919278,0,0,0,1
919310,https://www.chewy.com/wild-earth-maintenance-formula/dp/919310,0,0,0,1
919486,https://www.chewy.com/royal-canin-veterinary-diet/dp/919486,0,0,0,1
920734,https://www.chewy.com/wysong-restore-grain-free-dog-cat/dp/920734,0,0,0,1
920774,https://www.chewy.com/horizon-legacy-prairie-vista-red-meat/dp/920774,0,0,0,1
920798,https://www.chewy.com/horizon-legacy-weight-management-dog/dp/920798,0,0,0,1
920806,https://www.chewy.com/solid-gold-nutrientboost-fit-fabulous/dp/920806,0,0,0,1
920814,https://www.chewy.com/solid-gold-nutrientboost-wee-bit/dp/920814,0,0,0,1
925766,https://www.chewy.com/petkind-sap-lamb-tripe-weight/dp/925766,0,0,0,1
926222,https://www.chewy.com/honest-kitchen-whole-food-clusters/dp/926222,0,0,0,1
930038,https://www.chewy.com/american-natural-premium-market-fresh/dp/930038,0,0,0,1
931318,https://www.chewy.com/earthborn-holistic-unrefined-roasted/dp/931318,0,0,0,1
931334,https://www.chewy.com/earthborn-holistic-unrefined-smoked/dp/931334,0,0,0,1
931350,https://www.chewy.com/earthborn-holistic-unrefined-roasted/dp/931350,0,0,0,1
931366,https://www.chewy.com/earthborn-holistic-venture-limited/dp/931366,0,0,0,1
931382,https://www.chewy.com/earthborn-holistic-venture-limited/dp/931382,0,0,0,1
931398,https://www.chewy.com/earthborn-holistic-venture-limited/dp/931398,0,0,0,1
931422,https://www.chewy.com/earthborn-holistic-primitive-natural/dp/931422,0,0,0,1
931446,https://www.chewy.com/earthborn-holistic-great-plains-feast/dp/931446,0,0,0,1
931470,https://www.chewy.com/earthborn-holistic-coastal-catch/dp/931470,0,0,0,1
931518,https://www.chewy.com/earthborn-holistic-weight-control/dp/931518,0,0,0,1
933230,https://www.chewy.com/blue-buffalo-life-protection-formula/dp/933230,0,0,0,0
933262,https://www.chewy.com/pedigree-complete-nutrition-roasted/dp/933262,0,0,0,0
933486,https://www.chewy.com/blue-buffalo-life-protection-formula/dp/933486,0,0,0,0
933518,https://www.chewy.com/orijen-regional-red-grain-free-dry/dp/933518,0,0,0,0
933574,https://www.chewy.com/iams-proactive-health-puppy-high/dp/933574,0,0,0,0
937582,https://www.chewy.com/new-zealand-natural-pet-food-co-woof/dp/937582,0,0,0,1
937598,https://www.chewy.com/new-zealand-natural-pet-food-co-woof/dp/937598,0,0,0,1
937614,https://www.chewy.com/new-zealand-natural-pet-food-co-woof/dp/937614,0,0,0,1
939470,https://www.chewy.com/jones-craft-soda-dogs-braised-beef/dp/939470,0,0,0,1
941486,https://www.chewy.com/freshpet-dognation-chicken-recipe/dp/941486,0,0,0,0
941494,https://www.chewy.com/freshpet-dognation-chicken-recipe/dp/941494,0,0,0,0
945406,https://www.chewy.com/huntaway-venison-grain-free-freeze/dp/945406,0,0,0,1
945470,https://www.chewy.com/tender-true-organic-turkey-oats/dp/945470,0,0,0,1
947934,https://www.chewy.com/solid-gold-nutrientboost-mighty-mini/dp/947934,0,0,0,1
963702,https://www.chewy.com/natural-balance-fat-dogs-chicken/dp/963702,0,0,0,1
964206,https://www.chewy.com/livelong-healthy-strong-stages-puppy/dp/964206,0,0,0,1
964222,https://www.chewy.com/livelong-healthy-strong-stages-mature/dp/964222,0,0,0,1
968214,https://www.chewy.com/royal-canin-veterinary-diet-skintopic/dp/968214,0,0,0,1
970030,https://www.chewy.com/health-extension-turkey-entree-canned/dp/970030,0,0,0,1
970046,https://www.chewy.com/health-extension-gently-cooked/dp/970046,0,0,0,1
970070,https://www.chewy.com/health-extension-gently-cooked-beef/dp/970070,0,0,0,1
970094,https://www.chewy.com/health-extension-gently-cooked-lamb/dp/970094,0,0,0,1
971510,https://www.chewy.com/blue-buffalo-homestyle-recipe-turkey/dp/971510,0,0,0,0
971542,https://www.chewy.com/instinct-original-real-beef-recipe/dp/971542,0,0,0,0
971550,https://www.chewy.com/instinct-limited-ingredient-diet-real/dp/971550,0,0,0,0
971678,https://www.chewy.com/instinct-raw-boost-mixers-beef-recipe/dp/971678,0,0,0,0
972230,https://www.chewy.com/health-extension-chicken-recipe-non/dp/972230,0,0,0,1
972246,https://www.chewy.com/health-extension-beef-recipe-non-gmo/dp/972246,0,0,0,1
972550,https://www.chewy.com/royal-canin-veterinary-diet-skintopic/dp/972550,0,0,0,1
972566,https://www.chewy.com/royal-canin-veterinary-diet-skintopic/dp/972566,0,0,1,1
972822,https://www.chewy.com/health-extension-95-lamb-entree-wet/dp/972822,0,0,0,1
976438,https://www.chewy.com/wellness-complete-health-beef-barley/dp/976438,0,1,0,1
976470,https://www.chewy.com/wellness-core-beef-barley-grained/dp/976470,0,1,0,1
976486,https://www.chewy.com/wellness-core-large-breed-chicken/dp/976486,0,1,0,1
976614,https://www.chewy.com/farmina-nd-tropical-selection-chicken/dp/976614,0,0,0,1
976638,https://www.chewy.com/farmina-nd-tropical-selection-chicken/dp/976638,0,0,0,1
976662,https://www.chewy.com/farmina-nd-tropical-selection-pork/dp/976662,0,0,0,1
976686,https://www.chewy.com/farmina-nd-tropical-selection-pork/dp/976686,0,0,0,1
976710,https://www.chewy.com/farmina-nd-tropical-selection-lamb/dp/976710,0,0,0,1
976734,https://www.chewy.com/farmina-nd-tropical-selection-lamb/dp/976734,0,0,0,1
976758,https://www.chewy.com/farmina-nd-tropical-selection-salmon/dp/976758,0,0,0,1
976782,https://www.chewy.com/farmina-nd-tropical-selection-salmon/dp/976782,0,0,0,1
976806,https://www.chewy.com/farmina-nd-tropical-selection-lamb/dp/976806,0,0,0,1
976830,https://www.chewy.com/farmina-nd-tropical-selection-lamb/dp/976830,0,0,0,1
978278,https://www.chewy.com/evangers-grain-free-chicken-sweet/dp/978278,0,0,0,1
978286,https://www.chewy.com/evangers-grain-free-whitefish-sweet/dp/978286,0,0,0,1
983078,https://www.chewy.com/earth-animal-wisdom-from-land-recipe/dp/983078,0,0,0,1
983926,https://www.chewy.com/nom-nom-freshly-made-frozen-grain/dp/983926,0,0,0,1
983942,https://www.chewy.com/nom-nom-freshly-made-frozen-grain/dp/983942,0,0,0,1
983958,https://www.chewy.com/nom-nom-freshly-made-frozen-turkey/dp/983958,0,0,0,1
983974,https://www.chewy.com/nom-nom-freshly-made-frozen-grain/dp/983974,0,0,0,1
983990,https://www.chewy.com/nom-nom-freshly-made-frozen-variety/dp/983990,0,0,0,1
985894,https://www.chewy.com/variety-pack-vital-essentials-freeze/dp/985894,0,0,0,0
985918,https://www.chewy.com/branded-pack-vital-essentials-minnows/dp/985918,0,0,0,0
986742,https://www.chewy.com/annamaet-original-small-breed-salmon/dp/986742,0,0,0,1
986934,https://www.chewy.com/summit-range-rotisserie-adult-dry-dog/dp/986934,0,0,0,1
986958,https://www.chewy.com/summit-coastal-grill-adult-dry-dog/dp/986958,0,0,0,1
992790,https://www.chewy.com/blue-buffalo-delectables-beef-dinner/dp/992790,0,0,0,1
992806,https://www.chewy.com/blue-buffalo-delectables-chicken/dp/992806,0,0,0,1
